#,Player,TEAM,GP,MIN,PTS,FGM,FGA,FG%,3PM,3PA,3P%,FTM,FTA,FT%,OREB,DREB,REB,AST,STL,BLK,TOV,EFF,Season
1,Giannis Antetokounmpo,MIL,12,37.3,31.7,11.7,23.8,49.1,0.8,3.4,22.0,7.6,11.2,67.9,2.2,12.0,14.2,6.8,0.7,1.3,4.5,34.3,2021-21
1,Luka Dončić,DAL,15,36.8,31.7,10.7,23.5,45.5,3.4,9.9,34.5,6.9,9.0,77.0,0.7,9.1,9.8,6.4,1.8,0.6,3.9,31.5,2021-21
3,Nikola Jokić,DEN,5,34.2,31.0,12.2,21.2,57.5,1.0,3.6,27.8,5.6,6.6,84.8,3.4,9.8,13.2,5.8,1.6,1.0,4.8,37.8,2021-21
4,Jimmy Butler,MIA,17,37.0,27.4,9.8,19.3,50.6,1.4,4.0,33.8,6.5,7.8,84.1,2.4,4.9,7.4,4.6,2.1,0.6,1.5,29.8,2021-21
5,Stephen Curry,GSW,22,34.7,27.4,9.2,20.0,45.9,4.1,10.4,39.7,4.9,5.9,82.9,0.5,4.7,5.2,5.9,1.3,0.4,2.6,25.7,2021-21
6,Ja Morant,MEM,9,37.6,27.1,9.0,20.4,44.0,1.9,5.6,34.0,7.2,9.7,74.7,1.4,6.6,8.0,9.8,2.0,0.4,3.6,29.9,2021-21
7,Brandon Ingram,NOP,6,39.3,27.0,9.3,19.7,47.5,1.8,4.5,40.7,6.5,7.8,83.0,0.7,5.5,6.2,6.2,0.7,0.3,3.8,24.8,2021-21
8,Kevin Durant,BKN,4,44.0,26.3,8.0,20.8,38.6,1.8,5.3,33.3,8.5,9.5,89.5,0.5,5.3,5.8,6.3,1.0,0.3,5.3,20.5,2021-21
9,Jayson Tatum,BOS,24,41.0,25.6,8.4,19.7,42.6,3.2,8.2,39.3,5.7,7.1,80.0,1.0,5.7,6.7,6.2,1.2,0.9,4.2,23.7,2021-21
10,Donovan Mitchell,UTA,6,38.3,25.5,8.8,22.2,39.8,1.7,8.0,20.8,6.2,7.0,88.1,1.0,3.3,4.3,5.7,0.7,0.5,2.7,19.8,2021-21
11,Anthony Edwards,MIN,6,37.8,25.2,8.3,18.3,45.5,3.8,9.5,40.4,4.7,5.7,82.4,0.7,3.5,4.2,3.0,1.2,1.2,2.5,21.2,2021-21
12,Joel Embiid,PHI,10,38.5,23.6,7.8,16.1,48.4,0.7,3.3,21.2,7.3,8.9,82.0,2.1,8.6,10.7,2.1,0.4,0.8,3.2,24.5,2021-21
13,Devin Booker,PHX,10,36.6,23.3,7.9,17.5,45.1,2.8,6.5,43.1,4.7,5.3,88.7,1.0,3.8,4.8,4.4,0.5,0.4,3.2,20.0,2021-21
14,Jaylen Brown,BOS,24,38.3,23.1,8.2,17.5,47.0,2.5,6.7,37.3,4.2,5.5,76.3,1.4,5.5,6.9,3.5,1.1,0.4,3.1,21.5,2021-21
15,Pascal Siakam,TOR,6,43.3,22.8,8.5,17.8,47.7,0.7,2.8,23.5,5.2,6.0,86.1,1.3,5.8,7.2,5.8,1.2,1.0,2.2,25.7,2021-21
16,CJ McCollum,NOP,6,39.0,22.2,8.2,20.8,39.2,2.8,8.5,33.3,3.0,4.3,69.2,1.8,4.8,6.7,4.8,0.7,0.8,2.5,18.7,2021-21
17,Karl-Anthony Towns,MIN,6,37.0,21.8,6.5,13.3,48.8,1.7,3.7,45.5,7.2,8.3,86.0,1.8,9.0,10.8,2.2,0.7,2.0,4.5,25.0,2021-21
18,Jalen Brunson,DAL,18,34.9,21.6,8.1,17.3,46.6,1.4,4.2,34.7,4.0,5.0,80.0,0.8,3.8,4.6,3.7,0.8,0.1,1.1,19.4,2021-21
19,Kyrie Irving,BKN,4,42.5,21.3,7.0,15.8,44.4,2.0,5.3,38.1,5.3,5.3,100.0,1.5,3.8,5.3,5.3,1.8,1.3,2.3,23.8,2021-21
20,De'Andre Hunter,ATL,5,35.0,21.2,7.8,14.0,55.7,2.4,5.2,46.2,3.2,4.0,80.0,0.4,3.4,3.8,0.6,0.8,0.2,2.2,17.4,2021-21
21,DeMar DeRozan,CHI,5,40.6,20.8,7.8,19.0,41.1,0.0,1.8,0.0,5.2,6.0,86.7,0.2,5.2,5.4,4.8,1.8,0.4,2.2,19.0,2021-21
22,Tyrese Maxey,PHI,12,40.4,20.8,7.3,15.2,48.4,2.2,5.8,37.7,3.9,4.2,94.0,0.5,3.0,3.5,3.9,0.8,0.2,1.8,19.3,2021-21
23,Nikola Vučević,CHI,5,36.2,19.4,8.0,18.2,44.0,2.6,8.4,31.0,0.8,1.0,80.0,2.8,9.6,12.4,3.2,0.4,1.2,1.6,24.6,2021-21
24,Zach LaVine,CHI,4,38.3,19.3,6.8,15.8,42.9,2.3,6.0,37.5,3.5,3.8,93.3,0.0,5.3,5.3,6.0,0.8,0.3,3.0,19.3,2021-21
25,Jrue Holiday,MIL,12,38.6,19.1,7.4,19.6,37.9,2.1,6.6,31.6,2.2,2.6,83.9,1.0,4.6,5.6,6.5,1.8,0.6,2.8,18.1,2021-21
26,Klay Thompson,GSW,22,36.0,19.0,7.2,16.7,42.9,3.5,9.1,38.5,1.2,1.4,86.7,0.3,3.6,3.9,2.3,1.1,0.7,1.3,16.0,2021-21
27,Desmond Bane,MEM,12,35.7,18.8,6.3,13.3,47.8,3.6,7.3,48.9,2.5,2.9,85.7,0.4,3.3,3.8,2.2,0.9,0.8,1.3,17.7,2021-21
28,James Harden,PHI,12,39.9,18.6,5.3,13.2,40.5,2.3,6.3,36.8,5.6,6.3,89.3,0.9,4.8,5.7,8.6,0.8,0.7,4.2,21.6,2021-21
29,Bojan Bogdanović,UTA,6,35.7,18.0,6.5,13.5,48.1,1.8,5.5,33.3,3.2,4.0,79.2,0.5,3.7,4.2,1.7,0.3,0.0,2.0,14.3,2021-21
30,Deandre Ayton,PHX,13,30.5,17.9,8.1,12.6,64.0,0.2,0.3,50.0,1.6,2.5,63.6,2.5,6.4,8.9,1.7,0.4,0.8,1.5,22.8,2021-21
31,Chris Paul,PHX,13,34.5,17.5,6.7,11.9,56.1,1.5,3.8,38.8,2.7,2.8,94.6,0.5,3.6,4.2,8.3,1.5,0.2,2.4,23.8,2021-21
32,Jordan Clarkson,UTA,6,28.3,17.5,6.7,12.2,54.8,1.5,4.0,37.5,2.7,3.0,88.9,0.8,2.3,3.2,1.3,0.5,0.2,1.7,15.2,2021-21
33,OG Anunoby,TOR,6,36.2,17.3,6.5,13.7,47.6,2.3,6.8,34.1,2.0,2.7,75.0,1.2,2.8,4.0,2.5,1.0,0.2,1.7,15.5,2021-21
34,Jordan Poole,GSW,22,27.5,17.0,5.9,11.5,50.8,2.3,5.8,39.1,3.0,3.2,91.5,0.5,2.4,2.8,3.8,0.8,0.4,2.4,16.3,2021-21
35,Tobias Harris,PHI,12,38.8,16.9,6.8,13.5,50.0,1.8,4.8,38.6,1.6,1.8,86.4,0.8,6.8,7.6,2.9,1.1,0.8,1.5,20.8,2021-21
36,Andrew Wiggins,GSW,22,34.9,16.5,6.5,13.9,46.9,1.6,4.8,33.3,1.9,3.0,64.6,2.5,5.0,7.5,1.8,1.0,1.0,1.4,18.1,2021-21
37,Marcus Smart,BOS,21,36.2,15.4,5.4,13.3,40.5,2.3,6.5,35.0,2.4,3.0,80.6,1.0,3.6,4.5,5.9,1.2,0.2,2.5,16.3,2021-21
38,Jaren Jackson Jr.,MEM,12,27.7,15.4,4.9,13.0,37.8,2.3,6.0,37.5,3.3,4.4,75.5,2.2,4.6,6.8,0.9,0.8,2.5,1.4,15.8,2021-21
39,Trae Young,ATL,5,37.4,15.4,4.4,13.8,31.9,1.4,7.6,18.4,5.2,6.6,78.8,1.0,4.0,5.0,6.0,0.6,0.0,6.2,10.0,2021-21
40,Gary Trent Jr.,TOR,6,33.2,15.3,5.2,13.7,37.8,2.2,6.5,33.3,2.8,3.2,89.5,0.2,1.5,1.7,1.3,1.0,0.5,0.5,10.5,2021-21
41,Bam Adebayo,MIA,18,34.1,14.8,5.8,9.7,59.4,0.0,0.1,0.0,3.2,4.2,76.3,2.1,5.9,8.0,2.7,1.0,0.7,2.1,20.1,2021-21
42,Dillon Brooks,MEM,11,30.5,14.6,5.5,15.6,34.9,2.3,6.5,34.7,1.5,2.3,64.0,0.7,2.0,2.7,2.7,1.0,0.3,2.0,8.4,2021-21
43,Jonas Valančiūnas,NOP,6,29.2,14.5,5.5,11.3,48.5,0.2,1.0,16.7,3.3,4.3,76.9,5.5,8.8,14.3,3.0,0.7,0.2,2.0,23.8,2021-21
43,Seth Curry,BKN,4,33.0,14.5,5.5,9.8,56.4,3.0,5.8,52.2,0.5,0.8,66.7,0.5,2.0,2.5,3.0,0.3,0.8,0.8,15.8,2021-21
45,Bogdan Bogdanović,ATL,4,26.8,14.3,5.0,12.3,40.8,2.3,6.5,34.6,2.0,2.5,80.0,1.0,3.8,4.8,3.0,0.3,0.3,1.0,13.8,2021-21
46,Spencer Dinwiddie,DAL,18,27.8,14.2,4.4,10.7,41.7,2.2,5.3,41.7,3.1,3.7,82.1,0.4,2.0,2.4,3.6,0.8,0.3,1.6,12.9,2021-21
47,Bruce Brown,BKN,4,34.8,14.0,5.3,9.3,56.8,1.5,3.5,42.9,2.0,2.5,80.0,1.5,3.3,4.8,2.8,1.3,0.8,2.3,16.8,2021-21
47,Monté Morris,DEN,5,31.2,14.0,5.0,10.2,49.0,2.2,5.2,42.3,1.8,2.4,75.0,0.2,2.0,2.2,5.4,1.2,0.0,1.6,15.4,2021-21
49,Aaron Gordon,DEN,5,32.0,13.8,4.6,10.8,42.6,0.6,3.0,20.0,4.0,5.6,71.4,3.6,3.6,7.2,2.6,0.4,1.2,1.6,15.8,2021-21
49,Will Barton,DEN,5,34.4,13.8,5.4,13.2,40.9,2.2,5.6,39.3,0.8,1.2,66.7,1.0,4.6,5.6,2.8,0.8,0.2,2.0,13.0,2021-21
51,Mikal Bridges,PHX,13,38.5,13.3,5.1,10.6,47.8,1.0,2.5,39.4,2.2,2.3,93.3,0.9,3.8,4.7,2.8,1.1,1.0,0.8,16.4,2021-21
52,Tyler Herro,MIA,15,25.4,12.6,4.9,12.1,40.9,1.1,4.7,22.9,1.7,1.8,92.6,0.5,3.4,3.9,2.8,0.6,0.4,1.8,11.2,2021-21
53,Brandon Clarke,MEM,12,24.7,12.3,4.7,7.6,61.5,0.0,0.1,0.0,3.0,4.5,66.7,3.1,3.8,6.9,2.0,0.8,0.8,1.0,17.4,2021-21
54,Al Horford,BOS,23,35.4,12.0,4.4,8.4,52.3,2.0,4.3,48.0,1.2,1.6,77.8,1.5,7.8,9.3,3.3,0.8,1.3,1.3,21.2,2021-21
55,D'Angelo Russell,MIN,6,32.7,12.0,4.0,12.0,33.3,2.0,5.2,38.7,2.0,2.7,75.0,0.0,2.5,2.5,6.7,1.5,0.0,2.8,11.2,2021-21
55,Rudy Gobert,UTA,6,32.8,12.0,3.5,5.5,63.6,0.0,0.0,0.0,5.0,7.3,68.2,3.5,9.7,13.2,0.5,0.2,1.0,1.3,21.2,2021-21
57,Patrick Williams,CHI,5,30.6,11.8,4.4,9.4,46.8,1.4,4.2,33.3,1.6,2.2,72.7,1.2,4.2,5.4,0.8,1.0,0.6,1.4,12.6,2021-21
58,Dorian Finney-Smith,DAL,18,38.2,11.7,4.1,8.7,47.1,2.6,6.0,42.6,0.9,1.3,70.8,1.8,3.7,5.5,1.9,0.9,0.4,1.0,14.5,2021-21
59,Chris Boucher,TOR,6,21.7,11.2,4.3,7.0,61.9,1.0,2.5,40.0,1.5,1.7,90.0,2.0,3.8,5.8,0.2,0.2,1.2,0.3,15.3,2021-21
60,Patrick Beverley,MIN,6,32.3,11.0,3.5,8.2,42.9,1.5,4.3,34.6,2.5,3.7,68.2,0.7,2.5,3.2,4.8,1.2,1.2,2.0,13.5,2021-21
61,Max Strus,MIA,18,29.1,10.9,3.8,10.1,37.4,2.6,7.9,33.1,0.7,1.0,72.2,0.8,3.2,4.1,2.1,0.8,0.4,1.1,10.6,2021-21
62,Cameron Johnson,PHX,13,24.6,10.8,3.5,7.6,46.5,1.7,4.5,37.3,2.0,2.5,81.3,0.7,2.8,3.5,1.5,0.4,0.1,0.9,10.8,2021-21
63,Herbert Jones,NOP,6,37.7,10.7,3.5,7.3,47.7,0.8,2.0,41.7,2.8,3.7,77.3,1.3,2.0,3.3,1.8,1.8,0.8,1.3,12.5,2021-21
64,DeMarcus Cousins,DEN,5,11.4,10.6,3.8,5.8,65.5,0.8,1.2,66.7,2.2,3.0,73.3,0.6,2.8,3.4,1.2,0.6,0.2,1.4,11.8,2021-21
64,Victor Oladipo,MIA,15,24.5,10.6,3.3,9.1,36.8,1.1,4.1,27.4,2.8,3.5,79.2,0.3,3.1,3.4,2.1,1.3,0.3,1.7,9.5,2021-21
66,Bobby Portis,MIL,12,24.8,10.6,4.0,9.6,41.7,1.2,3.9,29.8,1.4,1.8,77.3,2.1,7.9,10.0,0.8,0.4,0.3,1.3,14.7,2021-21
66,Brook Lopez,MIL,12,27.7,10.6,4.2,8.5,49.0,0.5,2.3,21.4,1.8,1.9,91.3,2.3,3.7,5.9,0.7,0.5,1.5,0.9,13.8,2021-21
68,Reggie Bullock Jr.,DAL,18,39.3,10.6,3.4,8.4,40.4,2.9,7.3,39.7,0.9,1.0,88.9,0.4,4.1,4.6,1.7,1.2,0.1,0.4,12.5,2021-21
69,Goran Dragic,BKN,4,19.8,10.5,4.5,8.0,56.3,1.0,3.0,33.3,0.5,0.5,100.0,1.5,3.0,4.5,1.5,0.8,0.0,1.3,12.5,2021-21
69,Nic Claxton,BKN,4,24.5,10.5,4.8,6.0,79.2,0.0,0.0,0.0,1.0,5.5,18.2,1.8,4.5,6.3,1.5,1.3,2.3,0.5,15.5,2021-21
71,Danilo Gallinari,ATL,5,22.4,10.2,3.6,9.0,40.0,0.8,3.0,26.7,2.2,2.2,100.0,0.4,3.8,4.2,0.8,0.2,0.0,1.0,9.0,2021-21
72,Precious Achiuwa,TOR,6,27.8,10.2,4.2,8.7,48.1,0.8,2.7,31.3,1.0,1.7,60.0,1.3,3.5,4.8,1.0,0.2,0.8,1.5,10.3,2021-21
73,Pat Connaughton,MIL,12,26.5,9.5,3.5,7.3,47.7,2.1,5.3,39.1,0.4,0.4,100.0,0.3,4.0,4.3,0.9,0.4,0.3,0.6,11.0,2021-21
74,John Collins,ATL,5,24.4,9.4,3.8,7.8,48.7,0.8,2.2,36.4,1.0,2.0,50.0,0.4,4.2,4.6,1.2,0.4,0.2,1.0,9.8,2021-21
75,Jae Crowder,PHX,13,29.5,9.4,3.2,8.1,40.0,1.5,4.8,30.2,1.5,2.0,73.1,0.6,4.1,4.7,2.4,1.0,0.5,1.5,11.2,2021-21
76,Jaden McDaniels,MIN,6,21.7,9.3,3.0,5.7,52.9,1.7,3.3,50.0,1.7,2.0,83.3,0.8,2.0,2.8,0.7,0.3,1.8,1.0,11.0,2021-21
77,Bones Hyland,DEN,5,17.4,9.2,2.6,7.2,36.1,1.6,4.6,34.8,2.4,2.8,85.7,0.2,1.8,2.0,3.2,0.2,0.0,1.2,8.4,2021-21
77,Kevin Huerter,ATL,5,30.8,9.2,3.4,9.4,36.2,1.8,6.2,29.0,0.6,0.8,75.0,0.2,2.8,3.0,3.8,1.2,0.6,2.2,9.4,2021-21
79,Larry Nance Jr.,NOP,6,21.7,9.2,3.7,6.5,56.4,0.3,1.5,22.2,1.5,1.8,81.8,3.2,2.7,5.8,1.8,0.5,0.3,1.0,13.5,2021-21
79,Mike Conley,UTA,6,29.0,9.2,3.2,9.5,33.3,0.8,4.2,20.0,2.0,2.5,80.0,0.3,2.8,3.2,4.8,0.8,0.3,2.2,9.3,2021-21
79,Tyus Jones,MEM,12,21.8,9.2,3.3,8.3,39.4,1.5,3.8,40.0,1.2,1.3,93.3,0.3,2.9,3.3,4.5,1.2,0.2,1.1,12.1,2021-21
82,Maxi Kleber,DAL,18,25.4,8.7,3.0,5.9,50.9,1.9,4.3,43.6,0.8,1.2,71.4,0.8,3.7,4.6,1.1,0.2,0.8,0.6,11.6,2021-21
83,Grant Williams,BOS,24,27.3,8.6,2.7,6.3,43.3,1.5,3.7,39.3,1.8,2.2,80.8,1.0,2.8,3.8,0.8,0.3,0.8,0.8,9.5,2021-21
84,Danny Green,PHI,12,26.6,8.6,3.0,7.4,40.4,2.6,6.3,40.8,0.0,0.1,0.0,0.8,2.3,3.1,0.8,1.0,0.3,1.1,8.3,2021-21
85,Derrick White,BOS,23,25.4,8.5,2.8,7.7,36.4,1.1,3.6,31.3,1.8,2.2,82.4,0.3,2.7,3.0,2.7,0.9,0.6,1.3,9.2,2021-21
86,Malik Beasley,MIN,6,19.8,8.5,3.2,7.3,43.2,1.3,4.2,32.0,0.8,1.0,83.3,0.3,3.0,3.3,0.7,0.3,0.2,1.2,7.5,2021-21
87,Coby White,CHI,5,19.6,8.4,3.0,9.0,33.3,1.6,5.8,27.6,0.8,1.0,80.0,0.0,3.4,3.4,1.8,0.2,0.0,1.2,6.4,2021-21
88,Grayson Allen,MIL,12,25.4,8.3,3.1,6.8,45.1,1.6,4.0,39.6,0.6,0.9,63.6,0.4,2.5,2.9,1.3,0.7,0.3,0.8,8.7,2021-21
89,Delon Wright,ATL,5,27.4,8.2,3.0,5.8,51.7,1.0,2.6,38.5,1.2,1.8,66.7,2.2,2.6,4.8,2.8,0.8,0.2,1.0,12.4,2021-21
90,Draymond Green,GSW,22,32.0,8.0,3.1,6.5,47.9,0.4,1.8,20.5,1.4,2.1,63.8,1.2,6.0,7.2,6.3,1.1,1.0,2.7,16.8,2021-21
90,Gabe Vincent,MIA,18,23.5,8.0,2.8,7.3,38.2,1.4,4.5,30.9,1.1,1.1,95.0,0.2,1.8,1.9,3.2,0.8,0.3,1.4,8.2,2021-21
90,Jose Alvarado,NOP,6,19.5,8.0,2.7,5.5,48.5,1.0,2.7,37.5,1.7,2.2,76.9,0.3,1.0,1.3,1.5,1.2,0.2,1.2,7.7,2021-21
93,P.J. Tucker,MIA,18,28.3,7.9,3.0,6.1,49.5,1.3,2.8,45.1,0.6,0.9,68.8,1.9,3.7,5.7,1.8,0.8,0.3,0.7,12.3,2021-21
94,Robert Williams III,BOS,17,23.2,7.7,3.1,4.6,67.9,0.0,0.1,0.0,1.5,1.6,89.3,2.5,3.6,6.2,1.0,0.7,2.2,0.6,15.6,2021-21
95,Ziaire Williams,MEM,10,16.8,6.9,2.3,5.2,44.2,1.1,3.6,30.6,1.2,1.3,92.3,0.4,1.2,1.6,0.5,0.5,0.0,0.2,6.3,2021-21
96,JaVale McGee,PHX,12,11.1,6.8,2.9,4.2,70.0,0.0,0.1,0.0,0.9,1.1,84.6,1.3,2.7,4.0,0.6,0.3,0.4,0.8,9.8,2021-21
97,Alex Caruso,CHI,4,28.3,6.3,2.3,5.8,39.1,1.8,4.5,38.9,0.0,0.0,0.0,0.5,2.3,2.8,4.3,1.3,1.0,0.3,11.8,2021-21
97,Patty Mills,BKN,4,18.0,6.3,2.3,4.0,56.3,1.8,3.3,53.8,0.0,0.0,0.0,0.0,1.0,1.0,0.0,0.0,0.3,0.3,5.5,2021-21
99,Jordan McLaughlin,MIN,5,16.6,6.2,2.4,3.4,70.6,0.8,1.4,57.1,0.6,0.8,75.0,0.0,2.4,2.4,3.4,1.0,0.0,0.4,11.4,2021-21
100,Royce O'Neale,UTA,6,31.3,6.2,2.3,5.8,40.0,1.2,4.2,28.0,0.3,0.3,100.0,1.0,4.7,5.7,1.5,0.5,0.2,0.5,10.0,2021-21
100,Wesley Matthews,MIL,12,28.8,6.2,2.1,5.3,39.1,1.5,3.8,40.0,0.5,0.8,66.7,0.8,2.3,3.1,1.2,0.8,0.3,0.5,7.4,2021-21
102,Kyle Anderson,MEM,12,18.4,6.0,2.4,4.3,56.9,0.3,1.0,25.0,0.9,1.5,61.1,0.8,3.5,4.3,1.8,0.9,0.6,0.8,10.3,2021-21
102,Taurean Prince,MIN,5,13.0,6.0,2.0,5.4,37.0,0.8,2.8,28.6,1.2,1.4,85.7,0.2,1.4,1.6,1.2,0.4,0.2,0.8,5.0,2021-21
104,Jaxson Hayes,NOP,6,13.8,5.8,2.3,4.2,56.0,0.0,0.5,0.0,1.2,1.8,63.6,0.7,1.8,2.5,0.2,0.0,0.3,0.7,5.7,2021-21
105,Kevon Looney,GSW,22,20.4,5.8,2.6,4.0,65.9,0.0,0.0,0.0,0.5,0.8,61.1,2.9,4.8,7.6,2.2,0.4,0.5,0.9,13.9,2021-21
106,Duncan Robinson,MIA,13,12.2,5.6,1.9,4.4,43.9,1.4,3.6,38.3,0.4,0.5,83.3,0.2,1.6,1.8,0.4,0.3,0.1,0.2,5.4,2021-21
107,De'Anthony Melton,MEM,10,17.0,5.6,2.1,6.5,32.3,1.1,4.4,25.0,0.3,0.4,75.0,0.9,2.2,3.1,1.6,1.0,0.5,1.4,5.9,2021-21
108,Jarred Vanderbilt,MIN,6,21.5,5.5,2.2,4.5,48.1,0.0,0.0,0.0,1.2,1.7,70.0,2.0,5.2,7.2,0.7,1.2,0.3,0.8,11.2,2021-21
109,Otto Porter Jr.,GSW,19,19.5,5.4,2.0,4.1,49.4,1.0,2.5,40.4,0.4,0.5,77.8,0.6,2.8,3.4,1.8,0.9,0.3,0.6,9.0,2021-21
110,Onyeka Okongwu,ATL,5,21.6,5.2,1.8,3.2,56.3,0.0,0.0,0.0,1.6,2.0,80.0,2.2,3.2,5.4,0.4,0.8,0.8,0.8,10.0,2021-21
111,Jonathan Kuminga,GSW,16,8.6,5.2,1.9,3.8,50.0,0.2,0.8,23.1,1.3,1.6,76.9,0.3,1.4,1.7,0.5,0.2,0.1,0.7,4.8,2021-21
112,Trey Murphy III,NOP,6,20.0,5.2,1.5,3.7,40.9,1.5,3.2,47.4,0.7,0.8,80.0,0.5,2.0,2.5,0.5,0.5,0.2,0.2,6.3,2021-21
113,Shake Milton,PHI,12,13.2,5.0,1.5,3.2,47.4,0.7,1.3,53.3,1.3,1.7,80.0,0.3,1.3,1.6,0.9,0.5,0.3,0.4,5.8,2021-21
114,Georges Niang,PHI,12,16.5,4.8,1.7,4.0,41.7,1.3,3.6,37.2,0.2,0.2,100.0,0.3,1.2,1.5,0.9,0.3,0.0,0.6,4.6,2021-21
115,Naz Reid,MIN,5,10.8,4.8,1.4,3.4,41.2,0.6,1.4,42.9,1.4,1.4,100.0,0.4,2.4,2.8,0.0,0.2,1.2,1.0,6.0,2021-21
116,Payton Pritchard,BOS,24,12.9,4.8,1.8,4.3,42.2,1.0,3.0,33.3,0.2,0.3,66.7,0.4,1.5,1.9,1.6,0.3,0.1,0.4,5.7,2021-21
117,Caleb Martin,MIA,17,12.3,4.5,1.9,4.7,40.0,0.6,1.9,30.3,0.1,0.4,33.3,0.7,1.5,2.2,0.3,0.6,0.1,0.6,4.0,2021-21
118,Xavier Tillman,MEM,9,15.4,4.4,2.0,2.8,72.0,0.1,0.2,50.0,0.3,0.7,50.0,1.4,1.9,3.3,0.7,0.7,0.1,1.1,7.0,2021-21
119,Danuel House Jr.,UTA,6,18.7,4.3,1.5,3.7,40.9,0.3,1.7,20.0,1.0,1.3,75.0,0.3,2.5,2.8,0.7,0.0,0.2,1.0,4.5,2021-21
119,Landry Shamet,PHX,12,16.0,4.3,1.6,4.0,39.6,0.8,2.2,34.6,0.4,0.6,71.4,0.3,1.4,1.7,1.3,0.5,0.0,0.6,4.6,2021-21
121,Austin Rivers,DEN,5,21.6,4.2,1.6,3.6,44.4,0.8,2.4,33.3,0.2,0.2,100.0,0.0,0.6,0.6,1.2,1.4,0.2,0.8,4.8,2021-21
122,Cameron Payne,PHX,13,13.2,4.2,1.7,5.7,29.7,0.4,2.3,16.7,0.4,0.5,83.3,0.2,1.4,1.5,2.1,0.5,0.1,1.0,3.3,2021-21
123,Davis Bertans,DAL,18,10.7,4.1,1.2,3.1,40.0,1.1,2.8,37.3,0.6,0.7,83.3,0.2,1.2,1.4,0.3,0.4,0.1,0.2,4.3,2021-21
124,Ayo Dosunmu,CHI,5,17.2,4.0,1.6,5.2,30.8,0.6,2.6,23.1,0.2,0.2,100.0,0.8,1.8,2.6,2.2,0.2,0.0,0.6,4.8,2021-21
124,Bryn Forbes,DEN,5,15.2,4.0,1.2,3.0,40.0,0.8,2.2,36.4,0.8,1.0,80.0,0.2,0.4,0.6,1.4,0.2,0.0,0.4,3.8,2021-21
124,Devonte' Graham,NOP,6,10.0,4.0,1.0,3.0,33.3,0.8,2.3,35.7,1.2,1.3,87.5,0.3,1.2,1.5,0.7,0.2,0.2,0.7,3.7,2021-21
124,JaMychal Green,DEN,5,13.8,4.0,1.2,3.2,37.5,0.2,1.0,20.0,1.4,1.4,100.0,0.6,1.8,2.4,0.4,0.0,0.2,0.4,4.6,2021-21
128,Derrick Jones Jr.,CHI,5,11.8,3.8,1.4,3.4,41.2,0.6,2.2,27.3,0.4,0.6,66.7,0.6,0.8,1.4,0.4,0.2,0.0,0.6,3.0,2021-21
128,Jeff Green,DEN,5,22.6,3.8,1.2,3.4,35.3,0.6,1.6,37.5,0.8,1.0,80.0,1.4,2.2,3.6,0.4,0.6,0.4,0.4,6.0,2021-21
130,Dewayne Dedmon,MIA,14,9.9,3.8,1.5,3.2,46.7,0.1,0.7,10.0,0.7,0.9,83.3,1.1,1.9,3.0,0.4,0.1,0.2,0.5,5.1,2021-21
131,Andre Drummond,BKN,4,15.0,3.8,1.5,2.8,54.5,0.0,0.0,0.0,0.8,1.3,60.0,0.8,2.3,3.0,0.8,1.3,0.8,1.5,6.3,2021-21
132,Paul Reed,PHI,12,11.7,3.7,1.6,3.0,52.8,0.2,0.3,66.7,0.3,0.6,57.1,1.8,2.0,3.8,0.8,0.8,0.5,0.8,7.2,2021-21
133,Thaddeus Young,TOR,6,14.5,3.3,1.5,3.0,50.0,0.2,1.2,14.3,0.2,0.7,25.0,1.2,1.8,3.0,1.7,0.8,0.2,0.5,6.5,2021-21
134,Dwight Powell,DAL,18,13.8,3.2,1.2,1.9,62.9,0.0,0.1,0.0,0.8,1.3,60.9,0.9,1.7,2.6,0.2,0.2,0.3,0.5,4.8,2021-21
135,Furkan Korkmaz,PHI,9,6.8,3.1,1.2,2.6,47.8,0.4,1.1,40.0,0.2,0.2,100.0,0.1,1.2,1.3,0.4,0.1,0.1,0.2,3.6,2021-21
136,Khem Birch,TOR,6,10.5,3.0,1.3,2.7,50.0,0.3,0.7,50.0,0.0,0.0,0.0,0.7,0.8,1.5,0.5,0.2,0.2,0.5,3.5,2021-21
136,Matisse Thybulle,PHI,9,15.2,3.0,1.2,2.7,45.8,0.4,1.6,28.6,0.1,0.3,33.3,0.2,0.8,1.0,0.4,0.8,0.8,0.2,4.1,2021-21
136,Naji Marshall,NOP,6,9.3,3.0,1.2,1.7,70.0,0.0,0.0,0.0,0.7,0.7,100.0,0.5,0.5,1.0,0.8,0.2,0.2,0.5,4.2,2021-21
139,Juancho Hernangomez,UTA,6,9.3,2.3,0.8,3.0,27.8,0.7,2.0,33.3,0.0,0.0,0.0,0.3,1.7,2.0,0.8,0.3,0.0,0.3,3.0,2021-21
140,Jevon Carter,MIL,11,11.5,2.1,0.8,1.7,47.4,0.3,0.6,42.9,0.2,0.2,100.0,0.3,1.2,1.5,0.9,0.7,0.0,0.5,3.7,2021-21
141,Damion Lee,GSW,16,7.8,2.0,0.8,2.1,38.2,0.3,1.0,25.0,0.1,0.2,66.7,0.3,1.3,1.6,0.4,0.1,0.0,0.4,2.4,2021-21
142,Hassan Whiteside,UTA,6,10.8,1.8,0.8,2.0,41.7,0.0,0.0,0.0,0.2,0.7,25.0,1.3,3.8,5.2,0.0,0.3,1.3,0.0,7.0,2021-21
143,Josh Green,DAL,16,7.6,1.4,0.5,1.8,28.6,0.3,1.4,22.7,0.1,0.5,25.0,0.1,0.7,0.8,0.4,0.3,0.0,0.0,1.3,2021-21
144,Javonte Green,CHI,5,14.4,1.4,0.6,3.4,17.6,0.0,1.2,0.0,0.2,0.4,50.0,1.6,1.4,3.0,0.4,1.8,0.0,0.8,2.8,2021-21
145,Timothe Luwawu-Cabarrot,ATL,4,5.5,1.3,0.5,1.0,50.0,0.3,0.8,33.3,0.0,0.0,0.0,0.0,0.8,0.8,0.5,0.0,0.0,0.3,1.8,2021-21
146,Tristan Thompson,CHI,5,7.6,0.8,0.4,1.0,40.0,0.0,0.0,0.0,0.0,0.0,0.0,0.4,1.2,1.6,0.4,0.2,0.0,1.0,1.4,2021-21
147,Facundo Campazzo,DEN,4,3.3,0.0,0.0,0.5,0.0,0.0,0.5,0.0,0.0,0.0,0.0,0.0,0.8,0.8,0.5,0.0,0.0,0.5,0.3,2021-21
147,Malachi Flynn,TOR,6,6.0,0.0,0.0,1.2,0.0,0.0,0.5,0.0,0.0,0.0,0.0,0.3,0.2,0.5,0.5,0.2,0.0,0.2,-0.2,2021-21
1,Devin Booker,PHX,11,41.7,33.7,12.8,21.9,58.5,2.8,5.5,50.8,5.3,6.1,86.6,1.1,3.7,4.8,7.2,1.7,0.8,2.9,35.5,2022-23
2,Anthony Edwards,MIN,5,39.8,31.6,11.0,22.8,48.2,3.0,8.6,34.9,6.6,7.8,84.6,0.6,4.4,5.0,5.2,1.8,2.0,1.6,31.0,2022-23
3,Stephen Curry,GSW,13,37.9,30.5,11.2,23.9,46.6,4.4,12.1,36.3,3.8,4.5,84.5,0.7,4.5,5.2,6.1,1.0,0.5,3.2,26.5,2022-23
4,Nikola Jokić,DEN,20,39.5,30.0,11.4,20.7,54.8,1.8,3.8,46.1,5.6,7.0,79.9,3.5,10.0,13.5,9.5,1.1,1.0,3.5,40.8,2022-23
5,Trae Young,ATL,6,38.3,29.2,10.0,24.8,40.3,3.0,9.0,33.3,6.2,7.2,86.0,0.8,2.8,3.7,10.2,1.7,0.7,4.0,25.5,2022-23
6,Kevin Durant,PHX,11,42.4,29.0,9.7,20.4,47.8,1.5,4.6,33.3,8.0,8.7,91.7,0.6,8.1,8.7,5.5,0.8,1.4,3.5,30.5,2022-23
7,Jalen Brunson,NYK,11,40.3,27.8,9.9,20.9,47.4,2.4,7.3,32.5,5.6,6.2,91.2,0.8,4.1,4.9,5.6,1.5,0.1,2.1,26.3,2022-23
8,De'Aaron Fox,SAC,7,38.6,27.4,10.0,23.6,42.4,3.0,9.0,33.3,4.4,5.9,75.6,1.7,3.7,5.4,7.7,2.1,0.6,4.0,24.3,2022-23
9,Jayson Tatum,BOS,20,40.0,27.2,9.3,20.2,45.8,2.7,8.2,32.3,6.0,6.9,87.6,1.3,9.2,10.5,5.3,1.1,1.1,2.8,30.4,2022-23
10,Jimmy Butler,MIA,22,39.7,26.9,9.4,20.1,46.8,1.3,3.5,35.9,6.8,8.5,80.6,2.1,4.3,6.5,5.9,1.8,0.6,1.9,27.5,2022-23
11,Jamal Murray,DEN,20,40.0,26.1,9.7,20.5,47.3,3.0,7.5,39.6,3.8,4.1,92.6,0.8,4.9,5.7,7.1,1.5,0.3,2.5,27.0,2022-23
12,Ja Morant,MEM,5,37.4,24.6,9.0,21.2,42.5,2.6,6.2,41.9,4.0,5.2,76.9,1.6,5.2,6.8,7.0,1.8,0.2,3.4,23.6,2022-23
13,LeBron James,LAL,16,38.7,24.5,9.2,18.4,49.8,1.8,6.6,26.4,4.4,5.8,76.1,1.6,8.3,9.9,6.5,1.1,1.1,2.5,29.9,2022-23
14,Khris Middleton,MIL,5,34.6,23.8,8.0,17.2,46.5,2.6,6.4,40.6,5.2,6.0,86.7,1.4,5.0,6.4,6.2,0.6,0.0,3.4,23.6,2022-23
15,Joel Embiid,PHI,9,37.3,23.7,7.3,17.0,43.1,0.6,3.1,17.9,8.4,9.3,90.5,1.8,8.0,9.8,2.7,0.7,2.8,3.9,25.1,2022-23
16,Russell Westbrook,LAC,5,38.4,23.6,8.6,21.0,41.0,2.0,5.6,35.7,4.4,5.0,88.0,1.8,5.8,7.6,7.4,1.2,1.4,4.0,24.2,2022-23
17,Desmond Bane,MEM,6,38.5,23.5,8.2,19.3,42.2,2.7,8.3,32.0,4.5,4.8,93.1,1.2,4.8,6.0,3.2,0.5,0.0,2.8,18.8,2022-23
17,Mikal Bridges,BKN,4,39.3,23.5,8.3,19.3,42.9,2.5,6.3,40.0,4.5,5.8,78.3,0.5,4.8,5.3,4.0,0.5,0.5,2.0,19.5,2022-23
19,Donovan Mitchell,CLE,5,41.4,23.2,9.0,20.8,43.3,2.6,9.0,28.9,2.6,3.6,72.2,0.6,4.4,5.0,7.2,2.0,0.6,3.8,21.4,2022-23
20,Dejounte Murray,ATL,5,38.0,23.0,9.2,20.6,44.7,2.8,7.4,37.8,1.8,1.8,100.0,1.8,5.4,7.2,6.8,2.0,0.2,2.0,25.8,2022-23
21,Jaylen Brown,BOS,20,37.6,22.7,9.1,18.3,49.6,2.0,5.7,35.4,2.6,3.7,68.9,1.3,4.4,5.6,3.4,1.1,0.4,3.3,19.5,2022-23
22,Anthony Davis,LAL,16,38.0,22.6,8.3,15.9,52.0,0.3,0.9,33.3,5.8,6.8,85.2,2.4,11.7,14.1,2.6,1.4,3.1,2.1,32.9,2022-23
23,Norman Powell,LAC,5,33.4,21.8,7.2,15.2,47.4,2.6,6.4,40.6,4.8,6.2,77.4,0.8,2.2,3.0,2.2,0.8,0.4,1.6,17.2,2022-23
24,Darius Garland,CLE,5,37.8,20.6,7.0,16.0,43.8,2.4,6.2,38.7,4.2,5.0,84.0,0.0,1.8,1.8,5.0,1.6,0.2,3.6,15.8,2022-23
25,Tyrese Maxey,PHI,11,38.5,20.5,7.5,17.5,42.7,3.1,7.7,40.0,2.5,2.8,90.3,0.8,4.0,4.8,2.3,1.4,0.5,0.7,18.5,2022-23
26,James Harden,PHI,11,38.8,20.3,6.5,16.6,39.3,2.8,7.5,37.8,4.4,5.0,87.3,0.5,5.6,6.2,8.3,1.8,0.4,3.2,23.0,2022-23
27,RJ Barrett,NYK,11,34.3,19.3,6.5,14.9,43.3,1.8,5.5,32.8,4.5,5.9,76.9,0.5,4.0,4.5,2.8,0.8,0.2,2.3,15.5,2022-23
28,Brook Lopez,MIL,5,36.4,19.0,7.8,13.4,58.2,1.4,3.4,41.2,2.0,2.6,76.9,2.8,3.6,6.4,1.2,1.4,1.8,2.2,21.4,2022-23
28,Malik Monk,SAC,7,29.3,19.0,5.4,13.3,40.9,1.9,5.6,33.3,6.3,7.0,89.8,0.9,4.6,5.4,3.6,0.7,0.4,2.0,18.6,2022-23
30,Klay Thompson,GSW,13,36.0,18.5,6.5,16.8,38.8,3.8,10.5,36.8,1.6,1.8,87.5,0.1,4.1,4.2,2.2,0.5,0.3,2.0,13.2,2022-23
31,Cameron Johnson,BKN,4,38.0,18.5,7.0,13.8,50.9,3.0,7.0,42.9,1.5,1.8,85.7,0.8,5.0,5.8,2.8,0.8,0.3,1.3,19.8,2022-23
32,Karl-Anthony Towns,MIN,5,36.0,18.2,6.4,14.0,45.7,1.2,4.8,25.0,4.2,5.6,75.0,1.2,9.0,10.2,2.0,0.6,0.8,3.6,19.2,2022-23
33,Jaren Jackson Jr.,MEM,6,36.7,18.0,5.8,13.8,42.2,1.2,4.2,28.0,5.2,6.0,86.1,3.3,4.5,7.8,1.5,1.0,2.0,3.0,18.5,2022-23
34,Bam Adebayo,MIA,23,37.0,17.9,7.3,15.1,48.1,0.0,0.1,0.0,3.4,4.1,82.1,2.7,7.1,9.9,3.7,0.8,0.7,2.7,21.7,2022-23
35,Jrue Holiday,MIL,5,38.2,17.8,6.8,17.0,40.0,2.4,8.4,28.6,1.8,2.6,69.2,0.8,5.8,6.6,8.0,1.0,0.4,2.4,20.4,2022-23
36,Austin Reaves,LAL,16,36.2,16.9,5.6,12.1,46.4,2.4,5.5,44.3,3.2,3.6,89.5,1.3,3.2,4.4,4.6,0.6,0.2,1.6,18.3,2022-23
37,Andrew Wiggins,GSW,13,34.0,16.7,6.4,13.9,45.9,1.5,4.9,29.7,2.5,3.6,68.1,1.8,3.8,5.6,1.9,0.8,1.2,1.3,16.2,2022-23
38,De'Andre Hunter,ATL,6,37.3,16.7,6.5,14.2,45.9,2.3,6.3,36.8,1.3,1.7,80.0,1.2,4.5,5.7,1.2,0.7,0.3,1.5,15.0,2022-23
39,Julius Randle,NYK,10,33.0,16.6,5.5,14.7,37.4,1.7,6.6,25.8,3.9,5.5,70.9,1.7,6.6,8.3,3.6,0.5,0.3,3.5,15.0,2022-23
40,Spencer Dinwiddie,BKN,4,39.8,16.5,5.5,12.8,43.1,1.8,4.5,38.9,3.8,5.5,68.2,0.3,3.0,3.3,6.5,1.3,0.3,3.0,15.8,2022-23
41,Domantas Sabonis,SAC,7,34.7,16.4,7.0,14.1,49.5,0.1,0.7,20.0,2.3,4.0,57.1,4.4,6.6,11.0,4.7,1.4,0.9,3.7,21.9,2022-23
42,Tobias Harris,PHI,11,35.6,15.3,6.4,12.2,52.2,1.4,3.7,36.6,1.2,1.4,86.7,1.5,5.7,7.3,1.6,0.6,0.5,0.7,18.6,2022-23
43,Caris LeVert,CLE,5,34.0,15.0,5.4,12.6,42.9,2.6,7.2,36.1,1.6,2.6,61.5,0.8,3.8,4.6,2.6,0.4,0.2,1.0,13.6,2022-23
43,Rudy Gobert,MIN,5,35.4,15.0,5.8,9.2,63.0,0.0,0.0,0.0,3.4,5.4,63.0,3.6,8.6,12.2,2.0,0.4,1.0,1.6,23.6,2022-23
45,Marcus Smart,BOS,20,34.0,14.9,5.1,11.2,45.3,2.2,6.1,36.1,2.6,3.3,80.0,1.1,3.0,4.0,5.1,1.3,0.3,2.3,16.5,2022-23
46,Deandre Ayton,PHX,10,31.9,13.4,6.1,11.1,55.0,0.0,0.0,0.0,1.2,2.3,52.2,2.9,6.8,9.7,1.0,0.6,0.7,1.7,17.6,2022-23
47,Derrick White,BOS,20,29.7,13.4,4.7,9.2,50.5,2.5,5.5,45.5,1.6,1.7,91.2,0.7,2.3,3.0,2.1,0.6,1.0,0.9,14.4,2022-23
47,Michael Porter Jr.,DEN,20,32.7,13.4,5.0,11.7,42.3,2.3,6.6,35.1,1.2,1.5,79.3,1.0,7.1,8.1,1.6,0.5,0.6,0.5,16.6,2022-23
49,Bogdan Bogdanović,ATL,6,26.2,13.3,5.0,9.0,55.6,2.5,5.5,45.5,0.8,1.2,71.4,0.3,2.7,3.0,2.5,1.0,0.8,0.5,15.8,2022-23
50,D'Angelo Russell,LAL,16,29.6,13.3,5.2,12.2,42.6,1.7,5.4,31.0,1.3,1.6,76.9,0.6,2.3,2.9,4.6,0.7,0.3,1.8,12.7,2022-23
51,Aaron Gordon,DEN,20,35.7,13.3,5.1,9.8,51.8,0.9,2.3,39.1,2.3,3.5,65.2,2.5,3.6,6.0,2.6,0.6,0.7,1.0,16.2,2022-23
52,Gabe Vincent,MIA,22,30.5,12.7,4.5,11.2,40.2,2.3,6.1,37.8,1.4,1.5,88.2,0.4,1.0,1.4,3.5,0.9,0.2,1.4,10.4,2022-23
53,Caleb Martin,MIA,23,30.2,12.7,4.7,9.0,52.9,1.9,4.5,42.3,1.3,1.5,82.9,1.2,4.3,5.4,1.6,0.9,0.4,1.0,15.4,2022-23
54,Rui Hachimura,LAL,16,24.3,12.2,4.6,8.2,55.7,1.2,2.4,48.7,1.9,2.1,88.2,0.6,3.1,3.6,0.6,0.5,0.3,0.6,12.7,2022-23
55,Bruce Brown,DEN,20,26.6,12.0,4.5,8.8,51.1,0.9,2.9,31.6,2.1,2.5,85.7,0.8,3.3,4.0,1.9,1.1,0.5,1.2,13.6,2022-23
55,Mike Conley,MIN,5,36.6,12.0,4.0,8.4,47.6,2.0,4.4,45.5,2.0,2.2,90.9,0.4,2.2,2.6,6.4,0.6,0.0,1.4,15.6,2022-23
55,Pat Connaughton,MIL,4,22.0,12.0,4.3,7.5,56.7,2.8,5.8,47.8,0.8,1.0,75.0,1.0,4.0,5.0,1.8,1.0,0.3,0.5,16.0,2022-23
58,Malcolm Brogdon,BOS,19,24.9,11.9,4.3,10.3,41.8,1.7,4.6,37.9,1.5,1.8,82.9,0.7,2.8,3.5,2.9,0.2,0.3,1.0,11.4,2022-23
59,Grayson Allen,MIL,5,29.8,11.6,3.8,8.2,46.3,2.8,5.8,48.3,1.2,1.4,85.7,0.2,2.2,2.4,1.8,0.4,0.0,0.8,10.8,2022-23
60,John Collins,ATL,6,27.3,11.3,4.3,10.0,43.3,1.8,5.3,34.4,0.8,1.0,83.3,1.2,3.2,4.3,0.8,0.3,1.0,1.5,10.5,2022-23
61,Harrison Barnes,SAC,7,28.1,10.7,3.6,8.6,41.7,0.9,3.6,24.0,2.7,3.7,73.1,1.4,2.0,3.4,0.7,1.1,0.3,0.4,9.9,2022-23
62,Kentavious Caldwell-Pope,DEN,20,33.6,10.6,3.7,8.1,45.7,1.8,4.6,38.0,1.5,1.8,82.9,0.7,2.6,3.3,1.6,1.3,0.7,0.8,11.9,2022-23
62,Terance Mann,LAC,5,26.6,10.6,3.8,6.6,57.6,1.8,3.8,47.4,1.2,1.8,66.7,1.4,1.8,3.2,2.2,0.8,0.2,1.8,11.8,2022-23
64,Dillon Brooks,MEM,6,27.8,10.5,4.0,12.8,31.2,1.7,7.0,23.8,0.8,1.2,71.4,0.5,2.5,3.0,1.8,0.2,0.0,1.2,5.2,2022-23
64,Nic Claxton,BKN,4,29.3,10.5,4.5,6.3,72.0,0.0,0.0,0.0,1.5,2.5,60.0,1.3,6.8,8.0,1.5,0.3,1.8,0.8,18.5,2022-23
66,Josh Hart,NYK,11,32.1,10.4,4.1,8.5,47.9,0.9,2.9,31.3,1.3,2.0,63.6,1.6,5.7,7.4,2.2,0.8,0.3,1.9,13.9,2022-23
67,Jordan Poole,GSW,13,21.8,10.3,3.5,10.4,34.1,1.2,4.8,25.4,2.0,2.6,76.5,0.3,1.8,2.2,3.5,0.8,0.2,1.2,8.4,2022-23
68,Eric Gordon,LAC,5,29.8,10.2,3.6,8.8,40.9,2.0,5.8,34.5,1.0,1.2,83.3,0.2,1.2,1.4,2.6,0.6,0.4,0.8,9.0,2022-23
69,Evan Mobley,CLE,5,37.6,9.8,4.4,9.6,45.8,0.0,0.2,0.0,1.0,1.6,62.5,3.0,7.0,10.0,2.0,0.6,1.2,2.4,15.4,2022-23
70,Keegan Murray,SAC,7,27.7,9.7,3.7,8.3,44.8,1.7,4.6,37.5,0.6,0.9,66.7,2.1,4.1,6.3,0.7,0.6,0.3,0.6,12.1,2022-23
71,Bobby Portis,MIL,5,21.4,9.6,4.0,8.2,48.8,1.0,3.6,27.8,0.6,0.6,100.0,2.0,6.2,8.2,1.2,0.6,0.4,0.8,15.0,2022-23
72,Draymond Green,GSW,12,30.6,9.4,3.5,7.6,46.2,0.4,1.7,25.0,2.0,2.8,72.7,1.6,5.3,6.9,6.8,1.5,1.0,2.3,18.6,2022-23
73,Jarrett Allen,CLE,5,38.2,9.4,4.4,7.2,61.1,0.0,0.0,0.0,0.6,1.2,50.0,3.0,4.4,7.4,2.4,0.8,1.0,0.6,17.0,2022-23
74,Max Strus,MIA,23,28.1,9.3,3.3,8.2,40.2,1.9,5.9,31.9,0.9,1.1,80.0,0.6,3.0,3.6,1.4,0.3,0.3,0.3,9.7,2022-23
75,Kyle Lowry,MIA,23,26.0,9.2,3.2,7.6,42.5,1.4,3.8,37.5,1.3,1.4,93.9,0.5,3.0,3.5,4.4,1.0,0.6,1.7,12.6,2022-23
76,Ivica Zubac,LAC,5,26.0,9.2,3.4,6.0,56.7,0.0,0.0,0.0,2.4,3.2,75.0,3.2,6.4,9.6,0.6,0.6,0.2,2.2,14.6,2022-23
77,Kevin Huerter,SAC,7,26.1,9.1,3.6,10.3,34.7,1.1,5.6,20.5,0.9,1.1,75.0,0.1,4.3,4.4,1.1,0.4,1.3,0.6,8.9,2022-23
78,Duncan Robinson,MIA,23,18.2,9.0,3.3,6.9,47.5,2.2,4.9,44.2,0.3,0.3,87.5,0.0,1.4,1.5,1.7,0.3,0.1,0.9,8.1,2022-23
78,Immanuel Quickley,NYK,8,21.9,9.0,2.9,8.3,34.8,1.1,4.6,24.3,2.1,2.5,85.0,0.3,1.4,1.6,1.0,0.5,0.0,1.1,5.3,2022-23
80,Xavier Tillman,MEM,6,30.5,8.7,4.0,7.5,53.3,0.2,0.7,25.0,0.5,0.8,60.0,2.8,5.2,8.0,3.2,0.7,0.7,0.7,16.7,2022-23
81,Bones Hyland,LAC,5,16.4,8.6,3.0,8.8,34.1,1.0,4.0,25.0,1.6,2.0,80.0,0.2,0.6,0.8,0.8,0.8,0.2,0.8,4.2,2022-23
82,Kyle Anderson,MIN,4,26.0,8.5,3.8,7.5,50.0,0.5,1.5,33.3,0.5,0.5,100.0,0.8,3.3,4.0,4.5,1.8,0.5,1.5,14.0,2022-23
83,Nickeil Alexander-Walker,MIN,5,29.6,8.4,3.0,7.0,42.9,2.0,5.0,40.0,0.4,0.6,66.7,0.2,1.8,2.0,1.4,0.6,0.2,0.8,7.6,2022-23
84,Clint Capela,ATL,6,25.2,8.3,3.8,6.3,60.5,0.0,0.0,0.0,0.7,1.0,66.7,2.5,5.8,8.3,0.5,1.0,0.5,0.7,15.2,2022-23
84,Seth Curry,BKN,3,19.3,8.3,3.3,6.3,52.6,1.0,3.0,33.3,0.7,1.0,66.7,0.0,1.0,1.0,2.0,0.0,0.0,0.3,7.7,2022-23
86,Mason Plumlee,LAC,5,18.2,8.2,2.8,3.2,87.5,0.0,0.0,0.0,2.6,2.8,92.9,3.2,3.6,6.8,1.8,0.4,0.4,0.6,16.4,2022-23
87,De'Anthony Melton,PHI,11,24.9,7.9,2.8,7.4,38.3,1.7,4.5,38.8,0.5,0.7,75.0,1.3,2.0,3.3,1.6,1.2,0.8,0.7,9.4,2022-23
88,Taurean Prince,MIN,5,20.0,7.8,2.4,6.6,36.4,1.6,4.2,38.1,1.4,1.8,77.8,0.6,0.8,1.4,0.8,0.6,0.2,1.0,5.2,2022-23
89,Robert Williams III,BOS,20,20.9,7.7,3.4,4.3,78.8,0.0,0.1,0.0,1.0,1.4,67.9,1.8,4.2,6.0,1.0,0.5,1.3,0.8,14.1,2022-23
90,Saddiq Bey,ATL,6,22.2,7.5,2.5,6.7,37.5,1.2,3.0,38.9,1.3,1.5,88.9,1.2,2.8,4.0,1.0,0.5,0.0,0.3,8.3,2022-23
91,Dennis Schröder,LAL,16,26.1,7.4,2.6,6.4,39.8,0.8,2.4,33.3,1.4,1.8,82.1,0.2,1.8,1.9,2.9,1.0,0.2,1.3,7.9,2022-23
92,Luke Kennard,MEM,5,21.4,7.2,2.4,4.6,52.2,1.6,3.2,50.0,0.8,0.8,100.0,1.0,3.0,4.0,1.4,0.8,0.0,0.2,11.0,2022-23
93,Davion Mitchell,SAC,7,20.0,7.1,2.7,6.6,41.3,1.0,3.9,25.9,0.7,0.9,83.3,0.4,0.9,1.3,1.7,0.9,0.1,0.9,6.3,2022-23
94,Obi Toppin,NYK,11,15.9,7.0,2.7,6.4,42.9,1.2,3.9,30.2,0.4,0.5,80.0,0.9,2.6,3.5,0.6,0.7,0.3,0.7,7.7,2022-23
95,Kevin Love,MIA,20,18.0,6.9,2.3,6.0,37.8,1.7,4.4,37.5,0.7,0.8,87.5,0.7,4.9,5.6,1.2,0.5,0.4,0.5,10.1,2022-23
96,Gary Payton II,GSW,12,15.9,6.8,3.0,4.5,66.7,0.3,1.3,26.7,0.5,0.8,66.7,1.8,1.8,3.7,0.8,0.7,0.5,0.9,9.8,2022-23
97,Joe Ingles,MIL,5,17.8,6.8,2.4,4.6,52.2,2.0,4.0,50.0,0.0,0.0,0.0,0.2,1.0,1.2,2.0,0.6,0.2,1.2,7.4,2022-23
98,Al Horford,BOS,20,30.9,6.7,2.6,6.6,38.6,1.4,4.7,29.8,0.2,0.2,75.0,1.5,5.7,7.2,3.0,1.1,1.7,0.6,14.9,2022-23
99,Trey Lyles,SAC,7,16.9,6.6,2.4,5.7,42.5,1.3,3.9,33.3,0.4,0.7,60.0,1.3,4.4,5.7,0.7,0.3,0.0,0.4,9.3,2022-23
100,Santi Aldama,MEM,6,16.8,6.5,2.5,5.5,45.5,1.2,2.5,46.7,0.3,0.3,100.0,1.2,3.2,4.3,1.2,0.5,0.0,0.3,9.2,2022-23
101,Kevon Looney,GSW,13,25.0,6.5,2.8,4.9,57.8,0.0,0.0,0.0,0.8,1.4,55.6,4.7,8.4,13.1,3.3,0.6,0.4,1.0,20.2,2022-23
102,Mitchell Robinson,NYK,11,27.1,6.5,2.6,4.4,60.4,0.0,0.0,0.0,1.2,3.0,39.4,5.0,4.3,9.3,0.8,0.7,1.5,0.9,14.3,2022-23
102,Torrey Craig,PHX,11,16.6,6.5,2.4,4.1,57.8,1.0,2.3,44.0,0.7,0.8,88.9,0.6,1.6,2.3,0.5,0.5,0.2,0.3,7.8,2022-23
104,Isaac Okoro,CLE,5,15.0,6.4,2.2,4.6,47.8,0.8,2.6,30.8,1.2,1.2,100.0,0.6,0.8,1.4,0.8,0.4,0.4,0.8,6.2,2022-23
105,Dorian Finney-Smith,BKN,4,25.3,6.3,2.3,5.8,39.1,1.8,4.3,41.2,0.0,0.0,0.0,1.5,3.0,4.5,0.8,0.8,0.5,1.3,8.0,2022-23
106,Lonnie Walker IV,LAL,13,13.8,6.2,2.2,4.6,48.3,1.0,2.6,38.2,0.7,0.9,75.0,0.1,0.8,0.9,0.8,0.5,0.1,0.3,5.6,2022-23
107,Cedi Osman,CLE,5,18.6,6.0,1.8,5.0,36.0,1.2,4.0,30.0,1.2,1.8,66.7,0.2,2.8,3.0,1.0,0.4,0.2,1.0,5.8,2022-23
107,Onyeka Okongwu,ATL,6,21.8,6.0,2.5,4.2,60.0,0.2,0.2,100.0,0.8,1.7,50.0,3.2,3.2,6.3,1.2,0.3,1.3,1.2,11.5,2022-23
109,Moses Moody,GSW,12,13.4,5.8,1.9,3.6,53.5,1.1,1.8,59.1,0.9,1.0,91.7,0.6,2.0,2.6,0.7,0.4,0.3,0.2,7.9,2022-23
110,Donte DiVincenzo,GSW,13,18.1,5.5,1.8,4.9,37.5,1.2,3.4,34.1,0.6,0.9,66.7,0.8,2.2,3.0,2.8,0.8,0.2,1.3,7.6,2022-23
111,Quentin Grimes,NYK,9,26.9,5.1,1.6,5.1,30.4,1.0,4.1,24.3,1.0,1.2,81.8,0.3,2.4,2.8,1.4,1.0,0.6,1.1,6.0,2022-23
112,Grant Williams,BOS,15,17.7,5.1,1.7,3.5,47.2,1.2,2.7,45.0,0.5,0.7,80.0,0.7,1.5,2.2,1.2,0.3,0.4,0.3,6.9,2022-23
113,Royce O'Neale,BKN,4,29.5,5.0,1.8,7.3,24.1,1.0,5.5,18.2,0.5,0.5,100.0,1.0,3.3,4.3,3.5,1.3,0.3,1.0,7.8,2022-23
114,P.J. Tucker,PHI,11,26.7,4.9,1.7,4.6,37.3,1.3,3.6,35.0,0.2,0.3,66.7,1.6,2.9,4.5,1.5,1.2,0.3,0.5,8.9,2022-23
115,Landry Shamet,PHX,10,18.4,4.8,1.7,4.5,37.8,1.1,2.9,37.9,0.3,0.4,75.0,0.3,1.4,1.7,1.1,0.2,0.1,0.4,4.6,2022-23
116,Paul Reed,PHI,11,14.3,4.6,2.0,3.5,57.9,0.0,0.0,0.0,0.6,0.6,100.0,2.5,3.0,5.5,0.6,0.5,0.4,0.5,9.6,2022-23
117,Jarred Vanderbilt,LAL,15,16.5,4.6,1.6,4.0,40.0,0.5,1.9,24.1,0.9,1.3,70.0,1.3,1.9,3.2,0.8,0.7,0.8,0.9,6.5,2022-23
118,Tyus Jones,MEM,6,20.0,4.5,1.8,6.0,30.6,0.5,3.2,15.8,0.3,0.5,66.7,0.5,2.5,3.0,3.7,1.3,0.0,1.3,6.8,2022-23
119,Nicolas Batum,LAC,5,18.4,4.4,1.6,3.8,42.1,1.2,3.4,35.3,0.0,0.0,0.0,0.2,2.0,2.2,1.2,0.4,0.4,0.4,6.0,2022-23
120,Georges Niang,PHI,11,14.3,4.4,1.6,3.3,50.0,1.1,2.4,46.2,0.0,0.0,0.0,0.0,0.4,0.4,0.2,0.0,0.2,0.5,3.0,2022-23
121,Jalen Johnson,ATL,6,9.3,4.3,1.7,4.0,41.7,0.7,1.8,36.4,0.3,0.3,100.0,0.3,2.2,2.5,1.3,0.5,0.0,0.8,5.5,2022-23
122,Jeff Green,DEN,20,17.2,4.1,1.4,3.1,45.2,0.5,1.4,32.1,0.9,1.0,89.5,0.3,1.3,1.6,0.7,0.3,0.4,0.5,4.7,2022-23
122,Josh Okogie,PHX,10,17.5,4.1,1.4,3.7,37.8,0.2,1.4,14.3,1.1,1.3,84.6,1.2,0.9,2.1,1.3,0.6,0.2,0.3,5.5,2022-23
124,David Roddy,MEM,6,12.7,3.8,1.3,4.8,27.6,1.0,3.3,30.0,0.2,0.2,100.0,0.7,2.2,2.8,0.7,0.0,0.3,0.2,4.0,2022-23
125,Jonathan Kuminga,GSW,10,6.1,3.4,1.3,2.4,54.2,0.3,0.7,42.9,0.5,0.9,55.6,0.4,0.5,0.9,0.5,0.2,0.0,0.4,3.1,2022-23
126,Bismack Biyombo,PHX,8,9.8,3.4,1.1,2.0,56.3,0.0,0.0,0.0,1.1,2.3,50.0,1.3,2.1,3.4,0.8,0.0,1.3,0.8,6.0,2022-23
127,Haywood Highsmith,MIA,18,8.9,3.3,1.3,2.2,61.5,0.4,0.9,50.0,0.2,0.3,80.0,0.6,0.8,1.3,0.3,0.6,0.1,0.1,4.6,2022-23
128,Christian Braun,DEN,19,13.0,3.2,1.3,2.4,53.3,0.1,0.5,20.0,0.6,1.0,57.9,0.6,1.4,2.1,0.6,0.6,0.2,0.5,4.6,2022-23
129,Jaylen Nowell,MIN,5,12.4,3.2,1.2,5.2,23.1,0.6,1.8,33.3,0.2,0.4,50.0,0.8,0.2,1.0,0.6,0.0,0.0,0.4,0.2,2022-23
130,Isaiah Hartenstein,NYK,11,20.0,3.1,1.0,2.1,47.8,0.0,0.0,0.0,1.1,1.5,75.0,2.1,2.5,4.6,1.3,0.8,1.4,0.5,9.3,2022-23
131,Alex Len,SAC,7,7.7,2.7,1.0,1.3,77.8,0.0,0.0,0.0,0.7,0.9,83.3,1.0,1.9,2.9,0.1,0.0,0.4,1.0,4.7,2022-23
132,Austin Rivers,MIN,4,11.5,2.5,1.0,2.0,50.0,0.5,1.5,33.3,0.0,0.0,0.0,0.3,1.0,1.3,0.3,0.3,0.0,0.3,3.0,2022-23
133,Jalen McDaniels,PHI,8,12.8,2.4,1.0,2.5,40.0,0.4,1.1,33.3,0.0,0.0,0.0,0.4,1.6,2.0,0.6,0.1,0.0,0.4,3.3,2022-23
134,Cody Zeller,MIA,21,8.3,2.2,1.0,1.7,57.1,0.0,0.0,0.0,0.3,0.7,40.0,0.5,1.8,2.3,0.3,0.1,0.2,0.6,3.3,2022-23
135,Damion Lee,PHX,8,11.1,2.1,0.8,2.5,30.0,0.4,1.9,20.0,0.3,0.3,100.0,0.5,0.9,1.4,0.6,0.3,0.0,0.1,2.5,2022-23
136,Sam Hauser,BOS,15,6.9,2.0,0.7,1.9,34.5,0.5,1.6,33.3,0.1,0.1,100.0,0.3,0.8,1.1,0.3,0.1,0.1,0.0,2.3,2022-23
137,Troy Brown Jr.,LAL,12,10.3,1.8,0.8,2.3,35.7,0.2,1.3,13.3,0.0,0.0,0.0,0.3,1.7,2.0,0.9,0.2,0.1,0.0,3.5,2022-23
138,Jae Crowder,MIL,4,10.3,1.8,0.8,3.3,23.1,0.0,1.5,0.0,0.3,0.5,50.0,0.3,0.8,1.0,0.8,0.5,0.0,0.3,1.0,2022-23
138,Joe Harris,BKN,4,11.0,1.8,0.5,3.3,15.4,0.3,3.0,8.3,0.5,0.5,100.0,0.0,1.3,1.3,0.0,0.5,0.0,0.8,0.0,2022-23
140,Jevon Carter,MIL,4,12.3,1.3,0.5,2.3,22.2,0.3,1.8,14.3,0.0,0.0,0.0,0.0,1.0,1.0,1.0,0.3,0.0,0.0,1.8,2022-23
141,John Konchar,MEM,5,9.8,0.8,0.4,1.8,22.2,0.0,0.8,0.0,0.0,0.0,0.0,0.8,1.2,2.0,0.8,0.4,0.4,0.2,2.8,2022-23
142,Danny Green,CLE,4,10.0,0.8,0.3,1.3,20.0,0.3,1.0,25.0,0.0,0.0,0.0,0.5,1.3,1.8,0.3,0.5,0.3,0.5,2.0,2022-23
143,Miles McBride,NYK,8,2.5,0.4,0.1,0.5,25.0,0.1,0.4,33.3,0.0,0.0,0.0,0.0,0.3,0.3,0.1,0.0,0.1,0.0,0.5,2022-23
144,Kessler Edwards,SAC,6,1.2,0.0,0.0,0.0,0.0,0.0,0.0,0.0,0.0,0.0,0.0,0.0,0.2,0.2,0.0,0.0,0.0,0.0,0.2,2022-23
1,Giannis Antetokounmpo,MIL,2,21.5,22.0,8.0,15.5,51.6,0.0,0.0,0.0,6.0,8.5,70.6,2.5,6.0,8.5,3.0,0.0,1.0,1.0,23.5,2023-24
2,Anthony Davis,LAL,4,25.5,21.8,9.0,16.5,54.5,1.3,4.3,29.4,2.5,4.8,52.6,1.5,8.0,9.5,2.5,1.0,1.3,1.3,25.0,2023-24
3,Jalen Brunson,NYK,4,22.8,21.5,7.0,12.3,57.1,1.8,4.0,43.8,5.8,6.8,85.2,0.3,1.8,2.0,4.3,0.3,0.0,1.8,20.0,2023-24
4,Anthony Edwards,MIN,3,27.0,21.0,8.0,18.7,42.9,4.3,12.3,35.1,0.7,1.3,50.0,0.0,3.0,3.0,3.0,0.3,0.0,2.0,14.0,2023-24
5,Jalen Green,HOU,4,23.8,20.5,6.3,14.3,43.9,4.0,9.3,43.2,4.0,5.0,80.0,0.3,3.0,3.3,1.0,0.5,0.5,1.8,15.0,2023-24
6,Coby White,CHI,3,29.0,19.3,6.0,12.7,47.4,3.3,7.3,45.5,4.0,4.7,85.7,0.3,3.3,3.7,5.0,0.7,0.0,2.7,18.7,2023-24
7,Julian Strawther,DEN,5,28.0,18.8,6.0,11.4,52.6,2.6,5.2,50.0,4.2,5.4,77.8,0.2,2.4,2.6,2.6,0.2,0.6,2.0,16.2,2023-24
8,Karl-Anthony Towns,NYK,4,25.5,18.3,5.3,14.0,37.5,1.0,5.8,17.4,6.8,7.8,87.1,2.8,8.3,11.0,1.5,1.5,0.8,1.3,22.0,2023-24
8,Scottie Barnes,TOR,4,25.8,18.3,7.3,13.5,53.7,2.0,5.3,38.1,1.8,3.0,58.3,1.0,5.0,6.0,4.0,1.5,0.5,3.5,19.3,2023-24
10,Brandon Ingram,NOP,1,21.0,18.0,7.0,13.0,53.8,2.0,3.0,66.7,2.0,2.0,100.0,0.0,3.0,3.0,3.0,0.0,0.0,1.0,17.0,2023-24
10,Dalton Knecht,LAL,5,26.6,18.0,6.2,14.2,43.7,3.6,10.0,36.0,2.0,2.4,83.3,1.6,2.6,4.2,2.0,1.4,0.8,2.2,15.8,2023-24
10,Zach LaVine,CHI,4,25.0,18.0,6.0,11.3,53.3,2.8,5.5,50.0,3.3,3.8,86.7,0.5,2.8,3.3,3.3,1.3,0.0,1.3,18.8,2023-24
13,Desmond Bane,MEM,4,24.0,17.5,7.3,14.0,51.8,2.3,6.0,37.5,0.8,1.3,60.0,0.8,3.0,3.8,3.8,1.0,1.0,1.8,18.0,2023-24
14,Brandon Miller,CHA,5,23.8,17.4,5.8,12.8,45.3,4.2,8.6,48.8,1.6,1.8,88.9,0.6,3.0,3.6,2.2,0.4,0.6,1.2,15.8,2023-24
15,Miles McBride,NYK,3,28.0,17.3,6.0,16.0,37.5,3.3,9.0,37.0,2.0,2.0,100.0,0.0,0.7,0.7,3.7,0.7,0.3,1.3,11.3,2023-24
16,Jayson Tatum,BOS,4,24.8,17.3,6.0,14.5,41.4,3.5,9.0,38.9,1.8,2.5,70.0,1.0,5.3,6.3,5.3,1.3,0.3,1.5,19.5,2023-24
17,Domantas Sabonis,SAC,5,27.2,17.2,6.4,12.4,51.6,0.2,2.2,9.1,4.2,5.8,72.4,3.8,7.2,11.0,5.6,1.2,0.4,3.6,24.2,2023-24
18,RJ Barrett,TOR,1,14.0,17.0,7.0,10.0,70.0,3.0,4.0,75.0,0.0,2.0,0.0,0.0,2.0,2.0,2.0,0.0,0.0,3.0,13.0,2023-24
19,Alperen Sengun,HOU,4,24.5,16.8,5.5,8.3,66.7,0.5,1.5,33.3,5.3,6.8,77.8,1.3,6.0,7.3,2.8,1.3,0.3,2.8,21.3,2023-24
20,Jalen Johnson,ATL,3,23.0,16.7,6.7,9.7,69.0,2.3,2.7,87.5,1.0,1.0,100.0,1.0,6.3,7.3,1.7,2.0,0.0,4.0,20.7,2023-24
21,Jaylen Brown,BOS,4,22.8,16.5,6.0,13.0,46.2,1.0,5.3,19.0,3.5,5.0,70.0,0.8,2.0,2.8,2.5,0.5,0.3,2.3,11.8,2023-24
22,Lauri Markkanen,UTA,5,23.4,16.4,4.4,11.2,39.3,1.8,4.6,39.1,5.8,6.4,90.6,1.2,3.2,4.4,0.6,0.0,0.4,2.2,12.2,2023-24
23,Bobby Portis,MIL,3,16.3,16.3,6.0,8.0,75.0,3.0,3.7,81.8,1.3,2.0,66.7,0.0,4.0,4.0,1.3,0.7,0.0,1.3,18.3,2023-24
23,Jordan Hawkins,NOP,3,18.7,16.3,5.0,10.0,50.0,2.0,4.7,42.9,4.3,4.7,92.9,0.0,2.0,2.0,0.7,0.0,0.7,1.7,12.7,2023-24
25,Jarrett Allen,CLE,4,23.0,16.0,6.8,9.5,71.1,0.0,0.0,0.0,2.5,3.0,83.3,3.0,6.0,9.0,2.3,0.8,0.3,1.0,24.0,2023-24
25,Kevin Durant,PHX,4,22.3,16.0,6.5,11.8,55.3,1.8,4.5,38.9,1.3,1.5,83.3,0.3,4.3,4.5,3.5,0.5,0.3,1.5,17.8,2023-24
25,Luka Garza,MIN,5,19.0,16.0,5.8,9.4,61.7,1.6,3.6,44.4,2.8,4.2,66.7,2.6,3.2,5.8,0.8,0.4,0.6,0.8,17.8,2023-24
25,Michael Porter Jr.,DEN,4,22.0,16.0,6.3,10.3,61.0,1.5,4.0,37.5,2.0,2.5,80.0,1.0,3.8,4.8,0.5,1.3,0.0,1.5,16.5,2023-24
25,Payton Pritchard,BOS,5,22.2,16.0,5.4,11.2,48.2,4.2,8.6,48.8,1.0,1.2,83.3,0.6,2.8,3.4,6.0,1.0,0.0,0.8,19.6,2023-24
25,Tre Mann,CHA,4,19.8,16.0,6.8,11.3,60.0,2.0,4.3,47.1,0.5,0.8,66.7,0.5,2.5,3.0,3.3,0.3,0.5,2.3,16.0,2023-24
25,Zaccharie Risacher,ATL,2,23.0,16.0,6.0,10.0,60.0,2.0,4.5,44.4,2.0,3.0,66.7,1.0,4.5,5.5,1.5,0.5,0.0,1.0,17.5,2023-24
32,De'Aaron Fox,SAC,4,27.3,15.8,6.3,13.8,45.5,1.8,5.5,31.8,1.5,2.0,75.0,1.0,4.8,5.8,3.0,1.3,0.0,1.8,16.0,2023-24
33,Donovan Mitchell,CLE,3,26.3,15.7,5.7,14.0,40.5,2.3,6.0,38.9,2.0,3.3,60.0,0.3,2.3,2.7,4.0,1.7,0.3,2.0,12.7,2023-24
34,Moses Moody,GSW,6,20.0,15.5,5.2,11.3,45.6,2.2,5.5,39.4,3.0,3.2,94.7,1.0,2.2,3.2,1.5,0.7,0.5,1.0,14.0,2023-24
34,Paul George,PHI,2,19.5,15.5,5.5,10.0,55.0,2.5,5.0,50.0,2.0,3.0,66.7,0.5,3.5,4.0,1.5,1.0,0.0,1.5,15.0,2023-24
36,Darius Garland,CLE,3,25.3,15.0,5.3,12.0,44.4,2.7,7.0,38.1,1.7,1.7,100.0,0.0,1.3,1.3,4.0,2.3,0.0,2.7,13.3,2023-24
36,Gradey Dick,TOR,5,25.4,15.0,6.2,14.2,43.7,2.4,7.0,34.3,0.2,0.4,50.0,0.8,3.2,4.0,1.4,1.0,0.4,0.8,12.8,2023-24
36,Ja Morant,MEM,2,21.0,15.0,5.5,10.5,52.4,0.0,2.0,0.0,4.0,4.5,88.9,1.0,5.0,6.0,4.5,1.5,1.0,2.0,20.5,2023-24
36,Jaden Hardy,DAL,4,26.3,15.0,5.0,12.3,40.8,2.8,6.8,40.7,2.3,3.0,75.0,0.3,1.8,2.0,4.3,1.0,0.0,2.8,11.5,2023-24
36,Jaden Ivey,DET,5,21.2,15.0,5.4,8.8,61.4,1.8,3.4,52.9,2.4,2.8,85.7,1.6,1.0,2.6,2.8,0.8,0.4,1.8,16.0,2023-24
36,Julius Randle,MIN,1,26.0,15.0,6.0,12.0,50.0,0.0,0.0,0.0,3.0,4.0,75.0,1.0,5.0,6.0,5.0,1.0,0.0,2.0,18.0,2023-24
36,Jusuf Nurkić,PHX,1,17.0,15.0,6.0,11.0,54.5,2.0,4.0,50.0,1.0,2.0,50.0,1.0,6.0,7.0,0.0,1.0,2.0,2.0,17.0,2023-24
36,Kobe Bufkin,ATL,4,25.8,15.0,5.3,14.0,37.5,2.3,6.5,34.6,2.3,2.3,100.0,0.5,2.5,3.0,4.3,0.8,1.0,2.8,12.5,2023-24
36,Tyler Herro,MIA,3,20.7,15.0,5.7,11.3,50.0,2.3,7.3,31.8,1.3,1.3,100.0,0.0,3.3,3.3,4.0,1.3,0.0,0.7,17.3,2023-24
45,Cam Thomas,BKN,4,25.3,14.8,4.5,10.3,43.9,1.5,5.0,30.0,4.3,5.3,81.0,0.5,2.0,2.5,2.0,1.0,0.0,1.0,12.5,2023-24
45,Cameron Johnson,BKN,4,25.5,14.8,5.0,12.0,41.7,3.3,8.3,39.4,1.5,2.0,75.0,0.5,3.5,4.0,2.8,0.3,0.8,1.3,13.8,2023-24
45,LaMelo Ball,CHA,4,21.0,14.8,4.8,12.5,38.0,3.8,9.0,41.7,1.5,1.8,85.7,0.3,3.0,3.3,5.5,1.3,1.0,2.8,15.0,2023-24
45,Nikola Jokić,DEN,4,23.3,14.8,5.8,10.3,56.1,0.5,2.0,25.0,2.8,4.3,64.7,2.0,7.0,9.0,5.3,1.5,0.3,3.3,21.5,2023-24
45,Scoot Henderson,POR,4,27.8,14.8,5.3,14.0,37.5,0.8,4.3,17.6,3.5,4.8,73.7,0.8,3.3,4.0,4.5,1.5,0.0,2.3,12.5,2023-24
50,Devin Booker,PHX,3,21.3,14.7,5.3,14.3,37.2,2.0,6.3,31.6,2.0,2.0,100.0,0.7,1.3,2.0,2.7,0.0,0.3,1.0,9.7,2023-24
50,Evan Mobley,CLE,3,25.7,14.7,5.3,10.3,51.6,0.7,2.3,28.6,3.3,6.3,52.6,0.3,6.3,6.7,3.7,0.3,3.3,0.7,20.0,2023-24
52,Jalen Williams,OKC,4,16.8,14.5,5.8,10.5,54.8,2.3,4.3,52.9,0.8,1.0,75.0,0.0,2.5,2.5,2.0,0.3,0.3,0.3,14.3,2023-24
52,Zion Williamson,NOP,2,18.0,14.5,6.5,10.5,61.9,0.0,1.0,0.0,1.5,1.5,100.0,2.0,3.0,5.0,2.5,1.0,0.5,1.5,18.0,2023-24
54,Jaylen Wells,MEM,5,23.2,14.4,4.8,10.8,44.4,2.4,5.0,48.0,2.4,3.2,75.0,1.6,2.2,3.8,2.6,0.8,0.0,1.4,13.4,2023-24
55,Damian Lillard,MIL,3,21.0,14.3,4.3,9.0,48.1,2.3,5.0,46.7,3.3,3.7,90.9,0.0,3.7,3.7,5.7,1.3,0.3,2.0,18.3,2023-24
55,Keldon Johnson,SAS,3,22.7,14.3,6.0,9.7,62.1,0.3,1.3,25.0,2.0,2.7,75.0,2.0,2.0,4.0,1.3,1.0,0.3,1.0,15.7,2023-24
57,Kelly Oubre Jr.,PHI,5,21.2,14.2,4.6,8.6,53.5,1.2,4.0,30.0,3.8,4.6,82.6,0.8,2.2,3.0,1.0,0.8,0.0,1.4,12.8,2023-24
58,Austin Reaves,LAL,4,23.0,14.0,3.3,9.8,33.3,1.3,5.5,22.7,6.3,6.5,96.2,1.3,4.3,5.5,4.5,1.3,0.0,0.5,18.0,2023-24
58,Doug McDermott,SAC,1,25.0,14.0,5.0,13.0,38.5,4.0,11.0,36.4,0.0,0.0,0.0,1.0,4.0,5.0,0.0,0.0,0.0,2.0,9.0,2023-24
58,Jerami Grant,POR,3,18.3,14.0,4.7,8.3,56.0,2.0,3.0,66.7,2.7,3.0,88.9,0.0,1.0,1.0,2.3,1.3,1.0,0.7,15.0,2023-24
58,Myles Turner,IND,3,19.3,14.0,5.7,10.0,56.7,1.3,4.0,33.3,1.3,1.7,80.0,0.3,4.3,4.7,2.0,0.7,0.7,1.3,16.0,2023-24
58,Nick Smith Jr.,CHA,1,25.0,14.0,4.0,16.0,25.0,1.0,8.0,12.5,5.0,5.0,100.0,1.0,2.0,3.0,3.0,3.0,1.0,7.0,5.0,2023-24
58,Paolo Banchero,ORL,3,21.3,14.0,5.3,8.7,61.5,0.7,1.3,50.0,2.7,3.7,72.7,0.7,4.3,5.0,4.0,1.0,0.0,2.3,17.3,2023-24
64,Keyonte George,UTA,5,21.4,13.8,4.2,8.6,48.8,2.6,5.8,44.8,2.8,3.2,87.5,0.0,1.8,1.8,3.0,0.6,0.2,2.6,12.0,2023-24
65,Toumani Camara,POR,4,27.8,13.8,4.0,9.5,42.1,1.0,2.5,40.0,4.8,5.3,90.5,2.0,4.3,6.3,2.3,2.0,0.8,2.5,16.5,2023-24
66,Jonathan Kuminga,GSW,6,21.3,13.7,5.0,9.2,54.5,1.8,4.2,44.0,1.8,3.3,55.0,1.3,3.3,4.7,1.2,0.2,0.0,0.5,13.5,2023-24
67,Jeremy Sochan,SAS,4,23.8,13.5,6.3,9.5,65.8,0.3,0.8,33.3,0.8,1.5,50.0,2.0,5.0,7.0,2.0,1.3,0.5,1.8,18.5,2023-24
67,Nikola Vučević,CHI,4,25.0,13.5,6.0,11.3,53.3,1.0,2.3,44.4,0.5,0.8,66.7,2.0,7.8,9.8,3.5,1.3,0.3,1.3,21.5,2023-24
69,Keegan Murray,SAC,5,27.4,13.4,5.2,11.4,45.6,1.4,5.4,25.9,1.6,2.0,80.0,1.2,2.4,3.6,1.6,1.8,0.4,0.6,13.6,2023-24
70,Dillon Brooks,HOU,3,24.0,13.3,4.7,8.7,53.8,2.7,5.3,50.0,1.3,1.3,100.0,1.3,3.0,4.3,2.0,0.0,0.0,1.3,14.3,2023-24
70,Shai Gilgeous-Alexander,OKC,3,19.3,13.3,4.3,7.0,61.9,2.3,3.7,63.6,2.3,2.3,100.0,0.7,2.3,3.0,4.0,1.3,0.7,2.0,17.7,2023-24
72,Bennedict Mathurin,IND,4,22.0,13.3,4.3,9.0,47.2,2.0,4.8,42.1,2.8,3.3,84.6,0.5,1.8,2.3,2.3,0.3,0.3,2.0,11.0,2023-24
72,Bradley Beal,PHX,4,22.0,13.3,4.5,11.5,39.1,1.5,4.8,31.6,2.8,3.3,84.6,0.8,2.3,3.0,2.3,0.8,0.3,2.0,10.0,2023-24
72,Malaki Branham,SAS,4,18.5,13.3,5.0,12.8,39.2,1.3,5.8,21.7,2.0,3.0,66.7,0.0,1.0,1.0,1.5,0.8,0.8,0.5,8.0,2023-24
75,Cade Cunningham,DET,5,21.0,13.0,5.4,10.6,50.9,0.6,2.6,23.1,1.6,2.0,80.0,0.6,4.2,4.8,6.4,0.8,0.4,1.6,18.2,2023-24
75,Cameron Payne,NYK,5,25.2,13.0,5.2,13.2,39.4,2.0,6.2,32.3,0.6,1.2,50.0,0.4,1.8,2.2,4.4,1.0,0.0,1.4,10.6,2023-24
75,DeMar DeRozan,SAC,5,26.4,13.0,5.0,10.6,47.2,0.6,1.4,42.9,2.4,3.4,70.6,0.2,1.6,1.8,3.4,1.6,0.4,1.8,11.8,2023-24
75,Josh Minott,MIN,5,23.6,13.0,5.0,8.4,59.5,1.6,3.2,50.0,1.4,2.2,63.6,1.0,4.0,5.0,1.6,1.2,1.4,0.8,17.2,2023-24
75,Kyrie Irving,DAL,2,18.0,13.0,6.0,9.0,66.7,1.0,3.5,28.6,0.0,0.0,0.0,0.5,2.5,3.0,1.5,0.5,1.0,1.5,14.5,2023-24
75,Naz Reid,MIN,3,18.3,13.0,4.3,10.0,43.3,2.0,6.0,33.3,2.3,3.0,77.8,1.0,3.3,4.3,2.0,0.7,0.7,1.0,13.3,2023-24
75,Pacôme Dadiet,NYK,2,22.5,13.0,5.0,9.0,55.6,2.5,4.5,55.6,0.5,0.5,100.0,0.5,3.5,4.0,0.0,0.5,0.0,0.0,13.5,2023-24
75,Talen Horton-Tucker,CHI,5,17.8,13.0,4.6,11.0,41.8,1.4,4.2,33.3,2.4,3.2,75.0,0.6,3.0,3.6,2.2,0.8,0.4,0.8,12.0,2023-24
83,Jared McCain,PHI,5,22.8,12.8,4.8,12.0,40.0,2.2,5.8,37.9,1.0,1.2,83.3,1.0,3.6,4.6,1.6,1.0,0.0,2.6,10.0,2023-24
84,James Harden,LAC,4,18.8,12.8,4.0,9.3,43.2,2.0,5.0,40.0,2.8,3.3,84.6,0.3,2.5,2.8,6.8,1.5,0.0,4.5,13.5,2023-24
84,Jimmy Butler,MIA,4,19.3,12.8,4.0,6.3,64.0,0.8,1.5,50.0,4.0,4.5,88.9,1.8,1.5,3.3,2.0,1.8,0.5,0.5,17.0,2023-24
84,Rui Hachimura,LAL,4,24.0,12.8,5.0,10.3,48.8,1.3,3.5,35.7,1.5,1.8,85.7,1.0,6.0,7.0,1.3,1.0,0.5,0.8,16.3,2023-24
87,Drew Peterson,BOS,3,15.7,12.7,4.0,6.7,60.0,2.0,3.7,54.5,2.7,3.3,80.0,1.3,1.3,2.7,1.0,1.0,0.0,1.0,13.0,2023-24
88,Amen Thompson,HOU,4,22.8,12.5,5.5,10.0,55.0,0.5,1.3,40.0,1.0,2.3,44.4,2.3,3.0,5.3,2.0,1.0,0.8,1.0,14.8,2023-24
88,Derrick White,BOS,4,24.0,12.5,4.3,11.3,37.8,2.3,7.0,32.1,1.8,1.8,100.0,1.0,1.5,2.5,2.8,1.0,1.3,1.5,11.5,2023-24
88,Svi Mykhailiuk,UTA,2,15.5,12.5,4.0,9.5,42.1,2.0,6.0,33.3,2.5,2.5,100.0,1.0,1.0,2.0,1.5,0.5,0.0,0.0,11.0,2023-24
91,Julian Champagnie,SAS,5,20.6,12.4,4.0,9.4,42.6,3.2,7.6,42.1,1.2,1.4,85.7,0.6,3.8,4.4,0.6,1.0,0.4,1.4,11.8,2023-24
92,Collin Sexton,UTA,6,22.5,12.3,4.7,10.3,45.2,1.7,4.7,35.7,1.3,1.7,80.0,0.3,3.2,3.5,3.7,0.8,0.5,2.8,12.0,2023-24
92,Trae Young,ATL,3,21.7,12.3,4.0,9.0,44.4,2.3,4.3,53.8,2.0,3.7,54.5,0.0,1.0,1.0,7.3,0.7,0.0,4.0,10.7,2023-24
94,Donte DiVincenzo,MIN,4,22.0,12.3,4.8,9.8,48.7,2.5,6.5,38.5,0.3,0.3,100.0,0.8,2.8,3.5,4.3,0.5,0.0,1.0,14.5,2023-24
95,Zach Edey,MEM,5,20.2,12.2,4.4,8.8,50.0,0.0,0.8,0.0,3.4,4.6,73.9,2.6,4.6,7.2,1.0,0.4,1.0,1.8,14.4,2023-24
96,Buddy Hield,GSW,6,17.2,12.2,4.5,8.7,51.9,3.2,6.5,48.7,0.0,0.0,0.0,0.2,2.3,2.5,1.7,0.2,0.2,1.7,10.8,2023-24
97,Andrew Wiggins,GSW,2,21.5,12.0,3.5,9.5,36.8,1.0,4.5,22.2,4.0,4.5,88.9,1.0,0.5,1.5,2.0,1.0,1.0,1.5,9.5,2023-24
97,Ayo Dosunmu,CHI,3,19.3,12.0,4.3,8.0,54.2,2.7,4.3,61.5,0.7,1.3,50.0,0.7,1.3,2.0,1.3,1.0,0.0,1.0,11.0,2023-24
97,Corey Kispert,WAS,4,22.8,12.0,4.0,8.3,48.5,2.3,5.3,42.9,1.8,2.3,77.8,0.3,1.5,1.8,1.0,0.3,0.8,2.0,9.0,2023-24
97,LeBron James,LAL,3,18.7,12.0,5.0,10.7,46.9,1.3,2.3,57.1,0.7,1.0,66.7,0.3,4.0,4.3,3.7,0.0,0.7,3.0,11.7,2023-24
101,Jakob Poeltl,TOR,5,24.4,11.8,5.4,8.6,62.8,0.0,0.0,0.0,1.0,1.4,71.4,2.6,6.6,9.2,3.2,0.4,0.6,2.4,19.2,2023-24
101,Tidjane Salaün,CHA,5,27.8,11.8,4.2,10.6,39.6,3.0,7.4,40.5,0.4,0.8,50.0,1.0,6.2,7.2,1.2,0.4,0.2,2.4,11.6,2023-24
103,Jalen Smith,CHI,3,17.7,11.7,4.3,9.0,48.1,0.0,3.0,0.0,3.0,4.3,69.2,2.3,6.7,9.0,2.3,0.7,0.3,0.7,17.3,2023-24
103,Jett Howard,ORL,3,19.0,11.7,3.7,7.3,50.0,2.3,5.7,41.2,2.0,2.0,100.0,0.0,0.0,0.0,1.7,1.0,0.0,0.7,10.0,2023-24
105,Jordan Poole,WAS,5,22.0,11.6,4.2,10.0,42.0,1.4,5.4,25.9,1.8,2.0,90.0,0.2,1.6,1.8,3.6,0.6,0.2,1.8,10.0,2023-24
106,Ajay Mitchell,OKC,4,20.8,11.5,5.0,9.5,52.6,0.5,3.0,16.7,1.0,1.8,57.1,0.5,1.5,2.0,2.0,1.0,0.0,1.3,10.0,2023-24
106,Bam Adebayo,MIA,4,20.0,11.5,4.3,7.5,56.7,1.3,3.3,38.5,1.8,3.0,58.3,0.3,4.8,5.0,1.8,2.0,0.5,1.8,14.5,2023-24
106,Johnny Juzang,UTA,4,17.5,11.5,3.8,6.5,57.7,2.5,4.8,52.6,1.5,2.0,75.0,1.3,0.8,2.0,1.5,0.8,0.3,0.5,12.3,2023-24
106,Santi Aldama,MEM,4,21.3,11.5,4.0,7.5,53.3,2.8,5.3,52.4,0.8,1.5,50.0,0.5,5.0,5.5,2.8,1.0,0.0,1.8,14.8,2023-24
106,Tyler Kolek,NYK,4,18.0,11.5,3.5,7.3,48.3,1.5,4.3,35.3,3.0,3.0,100.0,0.5,2.5,3.0,4.3,1.0,0.3,1.8,14.5,2023-24
111,Jordan Miller,LAC,5,19.6,11.4,4.0,6.8,58.8,0.8,1.6,50.0,2.6,4.0,65.0,1.0,1.8,2.8,1.8,1.0,0.4,0.8,12.4,2023-24
111,Tyrese Maxey,PHI,5,17.2,11.4,3.8,9.4,40.4,2.2,5.2,42.3,1.6,1.8,88.9,0.0,0.8,0.8,3.6,1.0,0.0,1.4,9.6,2023-24
113,Alexandre Sarr,WAS,3,23.0,11.3,4.3,9.0,48.1,2.3,4.3,53.8,0.3,0.7,50.0,1.7,3.7,5.3,2.3,0.0,1.7,2.3,13.3,2023-24
113,Russell Westbrook,DEN,3,19.7,11.3,3.7,8.3,44.0,1.7,3.0,55.6,2.3,3.3,70.0,0.3,1.7,2.0,6.3,0.0,0.3,3.0,11.3,2023-24
113,Tobias Harris,DET,3,20.0,11.3,4.3,8.3,52.0,1.3,3.3,40.0,1.3,1.7,80.0,0.3,3.0,3.3,2.7,1.3,1.3,0.7,15.0,2023-24
116,Chris Boucher,TOR,5,17.0,11.2,3.8,7.8,48.7,1.8,4.0,45.0,1.8,1.8,100.0,1.8,2.0,3.8,0.6,0.4,0.2,0.8,11.4,2023-24
116,Dillon Jones,OKC,5,23.6,11.2,4.4,9.2,47.8,1.4,3.0,46.7,1.0,1.2,83.3,1.4,5.2,6.6,3.6,1.8,0.6,2.8,16.0,2023-24
118,Anfernee Simons,POR,1,21.0,11.0,4.0,10.0,40.0,1.0,5.0,20.0,2.0,2.0,100.0,0.0,2.0,2.0,2.0,0.0,0.0,1.0,8.0,2023-24
118,Deni Avdija,POR,3,21.3,11.0,3.7,8.7,42.3,0.7,2.7,25.0,3.0,3.0,100.0,0.3,3.7,4.0,4.0,1.3,0.7,2.3,13.7,2023-24
118,Dennis Schröder,BKN,4,27.3,11.0,3.5,9.3,37.8,1.0,3.3,30.8,3.0,3.3,92.3,0.5,1.5,2.0,4.8,1.3,0.3,1.5,11.8,2023-24
118,Isaiah Joe,OKC,4,17.5,11.0,4.3,10.3,41.5,2.5,7.5,33.3,0.0,0.5,0.0,0.5,2.5,3.0,1.8,0.3,0.0,0.0,9.5,2023-24
118,Jalen Wilson,BKN,4,24.8,11.0,3.5,8.8,40.0,1.8,4.8,36.8,2.3,3.5,64.3,0.8,2.5,3.3,2.5,0.5,0.3,1.8,9.3,2023-24
118,Jordan Clarkson,UTA,5,17.4,11.0,3.8,7.4,51.4,0.6,1.8,33.3,2.8,3.6,77.8,0.6,2.4,3.0,2.2,0.6,1.0,2.2,11.2,2023-24
118,Kevon Harris,ATL,2,17.5,11.0,3.5,9.0,38.9,0.0,4.5,0.0,4.0,4.0,100.0,1.5,2.0,3.5,1.5,1.0,0.5,1.5,10.5,2023-24
118,Norman Powell,LAC,4,17.0,11.0,3.3,6.0,54.2,1.3,2.5,50.0,3.3,3.5,92.9,0.0,1.8,1.8,1.5,0.5,0.3,1.0,11.0,2023-24
118,Ousmane Dieng,OKC,5,26.0,11.0,3.8,9.0,42.2,1.6,4.8,33.3,1.8,2.6,69.2,2.2,4.2,6.4,3.6,0.2,1.2,1.6,14.8,2023-24
118,Stephen Curry,GSW,4,18.3,11.0,3.8,10.3,36.6,1.8,6.3,28.0,1.8,2.0,87.5,0.0,2.3,2.3,3.3,1.0,0.3,2.8,8.3,2023-24
118,Stephon Castle,SAS,5,21.0,11.0,3.4,7.6,44.7,0.8,3.2,25.0,3.4,4.8,70.8,1.2,1.2,2.4,3.6,1.2,0.0,2.8,9.8,2023-24
129,Chet Holmgren,OKC,4,15.0,10.8,3.8,7.5,50.0,0.8,2.0,37.5,2.5,4.0,62.5,0.5,4.0,4.5,1.3,0.5,1.3,1.8,11.3,2023-24
129,Dyson Daniels,ATL,4,22.8,10.8,4.0,9.5,42.1,2.0,5.3,38.1,0.8,1.5,50.0,1.3,3.0,4.3,2.8,1.3,0.5,1.3,12.0,2023-24
129,Jay Huff,MEM,4,15.8,10.8,4.0,9.0,44.4,2.3,5.3,42.9,0.5,0.8,66.7,1.3,3.3,4.5,1.3,0.3,1.0,1.5,11.0,2023-24
129,Landry Shamet,NYK,4,22.0,10.8,3.8,10.5,35.7,2.3,7.5,30.0,1.0,1.0,100.0,0.5,2.3,2.8,1.5,1.0,0.5,0.5,9.3,2023-24
129,Mikal Bridges,NYK,4,26.5,10.8,4.0,9.8,41.0,0.5,4.8,10.5,2.3,2.8,81.8,0.8,2.5,3.3,1.5,1.0,0.0,0.5,9.8,2023-24
134,Deandre Ayton,POR,3,17.7,10.7,4.7,7.0,66.7,1.0,1.3,75.0,0.3,0.3,100.0,3.0,4.7,7.7,1.0,1.3,0.3,1.3,17.3,2023-24
135,John Collins,UTA,5,15.8,10.6,3.6,8.4,42.9,0.6,3.0,20.0,2.8,3.8,73.7,1.8,3.4,5.2,1.6,0.8,1.0,1.8,11.6,2023-24
136,Julian Phillips,CHI,4,20.0,10.5,4.0,8.0,50.0,2.0,4.8,42.1,0.5,0.5,100.0,2.5,1.3,3.8,0.5,0.0,0.5,1.3,10.0,2023-24
136,Lonzo Ball,CHI,2,15.5,10.5,4.0,7.5,53.3,2.5,5.5,45.5,0.0,0.0,0.0,0.0,2.0,2.0,2.0,0.5,0.5,0.5,11.5,2023-24
136,OG Anunoby,NYK,4,24.0,10.5,3.3,8.0,40.6,1.3,4.0,31.3,2.8,3.5,78.6,0.5,4.3,4.8,1.3,1.8,1.0,1.0,12.8,2023-24
136,Sam Hauser,BOS,4,17.5,10.5,3.8,8.3,45.5,2.8,6.0,45.8,0.3,0.3,100.0,1.3,4.3,5.5,1.5,0.8,0.5,0.3,14.0,2023-24
136,Shake Milton,BKN,4,16.8,10.5,3.8,5.5,68.2,1.3,2.0,62.5,1.8,2.0,87.5,0.5,1.0,1.5,2.3,0.8,0.3,1.5,11.8,2023-24
141,Ochai Agbaji,TOR,5,23.6,10.4,4.2,7.8,53.8,0.6,3.2,18.8,1.4,2.2,63.6,1.0,2.8,3.8,2.6,0.4,0.2,1.0,12.0,2023-24
142,Bones Hyland,LAC,3,19.0,10.3,3.3,12.0,27.8,2.0,7.3,27.3,1.7,2.3,71.4,0.7,3.7,4.3,1.7,1.3,0.0,1.7,6.7,2023-24
142,Jalen Suggs,ORL,3,21.0,10.3,3.0,8.7,34.6,1.3,6.0,22.2,3.0,4.3,69.2,0.7,4.0,4.7,3.3,2.0,0.3,2.3,11.3,2023-24
144,Jamal Murray,DEN,4,20.3,10.3,3.0,8.0,37.5,1.8,4.0,43.8,2.5,2.5,100.0,0.0,1.3,1.3,2.5,1.3,0.8,2.0,9.0,2023-24
144,Jazian Gortman,DAL,4,20.5,10.3,4.0,7.8,51.6,2.0,3.5,57.1,0.3,0.3,100.0,0.0,1.8,1.8,2.0,1.3,0.0,1.8,9.8,2023-24
146,Brice Sensabaugh,UTA,6,21.3,10.2,3.2,7.5,42.2,1.5,3.7,40.9,2.3,3.0,77.8,0.7,3.2,3.8,1.8,1.0,0.0,1.8,10.0,2023-24
147,Kelly Olynyk,TOR,1,12.0,10.0,3.0,6.0,50.0,2.0,5.0,40.0,2.0,3.0,66.7,0.0,5.0,5.0,3.0,0.0,0.0,1.0,13.0,2023-24
147,Kevin Porter Jr.,LAC,4,16.5,10.0,4.0,9.8,41.0,0.5,1.8,28.6,1.5,2.0,75.0,0.0,3.0,3.0,3.8,1.8,0.5,2.5,10.3,2023-24
147,Olivier-Maxence Prosper,DAL,4,22.8,10.0,3.5,7.5,46.7,0.5,2.3,22.2,2.5,3.5,71.4,1.5,3.0,4.5,1.5,0.8,0.0,1.0,10.8,2023-24
147,Rayan Rupert,POR,4,26.3,10.0,4.3,8.8,48.6,0.5,3.5,14.3,1.0,1.5,66.7,0.3,3.3,3.5,2.0,0.8,0.3,2.0,9.5,2023-24
147,Zach Collins,SAS,3,21.0,10.0,4.0,10.7,37.5,0.3,3.0,11.1,1.7,3.0,55.6,0.0,3.0,3.0,3.3,0.7,0.3,0.0,9.3,2023-24
147,Ziaire Williams,BKN,4,25.0,10.0,4.0,8.3,48.5,0.8,2.8,27.3,1.3,2.0,62.5,2.0,4.5,6.5,1.5,2.5,0.8,1.5,14.8,2023-24
153,Brandin Podziemski,GSW,5,22.4,9.8,3.4,8.8,38.6,1.4,3.8,36.8,1.6,2.0,80.0,0.4,4.0,4.4,4.0,1.8,0.0,2.6,11.6,2023-24
153,D'Angelo Russell,LAL,5,25.8,9.8,3.8,10.4,36.5,1.2,5.0,24.0,1.0,1.0,100.0,0.4,1.8,2.2,5.0,0.8,0.4,1.6,10.0,2023-24
153,Jalen Duren,DET,5,18.4,9.8,4.4,6.4,68.8,0.0,0.0,0.0,1.0,1.4,71.4,2.2,4.2,6.4,2.0,0.6,1.0,1.6,15.8,2023-24
156,Kris Murray,POR,4,23.0,9.8,3.8,7.0,53.6,1.3,3.3,38.5,1.0,2.0,50.0,1.5,2.0,3.5,2.0,1.0,0.5,0.8,11.8,2023-24
157,Dejounte Murray,NOP,3,21.0,9.7,3.3,9.3,35.7,0.7,3.3,20.0,2.3,2.7,87.5,0.3,4.3,4.7,5.0,0.7,0.0,1.3,12.3,2023-24
157,Tyrese Haliburton,IND,3,19.3,9.7,3.7,6.7,55.0,2.0,4.3,46.2,0.3,0.3,100.0,0.0,2.7,2.7,4.3,1.0,0.0,1.3,13.3,2023-24
159,Sandro Mamukelashvili,SAS,5,15.2,9.6,3.0,6.2,48.4,2.4,4.4,54.5,1.2,1.6,75.0,0.8,1.4,2.2,1.8,0.4,0.0,0.6,9.8,2023-24
160,Cam Whitmore,HOU,4,18.8,9.5,3.3,8.8,37.1,0.8,4.0,18.8,2.3,3.5,64.3,0.5,1.5,2.0,2.3,1.0,0.5,1.8,6.8,2023-24
160,Dalano Banton,POR,4,20.0,9.5,3.3,7.0,46.4,1.0,3.8,26.7,2.0,3.5,57.1,0.8,2.5,3.3,4.3,1.0,0.8,1.8,11.8,2023-24
160,Josh Giddey,CHI,4,23.8,9.5,3.3,10.3,31.7,1.3,4.0,31.3,1.8,2.3,77.8,0.5,4.5,5.0,6.0,0.3,2.0,1.8,13.5,2023-24
160,Miles Bridges,CHA,4,19.0,9.5,3.3,7.8,41.9,1.0,3.3,30.8,2.0,2.3,88.9,1.3,3.8,5.0,1.8,0.3,0.3,1.8,10.3,2023-24
160,Tyus Jones,PHX,4,22.0,9.5,3.8,6.0,62.5,2.0,3.3,61.5,0.0,0.0,0.0,0.0,1.3,1.3,5.3,2.0,0.0,1.3,14.5,2023-24
160,Victor Wembanyama,SAS,2,20.0,9.5,3.5,10.5,33.3,0.5,4.5,11.1,2.0,3.5,57.1,1.0,7.0,8.0,3.5,0.5,2.0,3.0,12.0,2023-24
166,Precious Achiuwa,NYK,5,24.6,9.4,3.8,8.2,46.3,0.6,1.2,50.0,1.2,1.2,100.0,2.4,4.8,7.2,1.4,0.8,0.6,1.2,13.8,2023-24
166,Ryan Dunn,PHX,5,22.4,9.4,3.0,7.6,39.5,2.6,6.0,43.3,0.8,1.6,50.0,0.8,3.0,3.8,1.2,1.2,1.4,1.0,10.6,2023-24
166,Scotty Pippen Jr.,MEM,5,19.4,9.4,3.0,6.6,45.5,1.2,3.2,37.5,2.2,3.0,73.3,0.8,1.6,2.4,3.6,1.0,0.0,3.2,8.8,2023-24
169,Anthony Black,ORL,3,20.0,9.3,3.0,5.3,56.3,1.0,2.0,50.0,2.3,3.0,77.8,0.3,2.7,3.0,4.3,0.3,0.0,2.7,11.3,2023-24
169,Pascal Siakam,IND,3,19.0,9.3,4.0,8.7,46.2,1.3,3.0,44.4,0.0,1.0,0.0,0.7,2.7,3.3,3.3,0.3,0.3,0.7,10.3,2023-24
171,David Roddy,ATL,4,21.3,9.3,3.5,7.8,45.2,1.0,2.8,36.4,1.3,1.5,83.3,2.3,3.5,5.8,1.8,0.3,0.5,2.5,10.5,2023-24
171,Jarace Walker,IND,4,23.5,9.3,3.0,6.3,48.0,1.5,3.5,42.9,1.8,2.3,77.8,0.8,3.5,4.3,2.0,1.3,0.5,1.8,11.8,2023-24
171,Matas Buzelis,CHI,4,20.3,9.3,3.0,8.5,35.3,1.3,4.3,29.4,2.0,2.3,88.9,0.8,2.8,3.5,1.8,0.3,0.5,0.5,9.0,2023-24
174,Jake LaRavia,MEM,5,21.8,9.2,2.6,7.8,33.3,0.8,3.4,23.5,3.2,3.6,88.9,2.2,3.8,6.0,2.4,1.4,0.2,2.2,11.4,2023-24
174,Kyle Kuzma,WAS,5,23.0,9.2,3.2,10.2,31.4,1.0,5.2,19.2,1.8,3.0,60.0,0.2,4.4,4.6,2.6,0.6,0.2,3.2,5.8,2023-24
176,Amir Coffey,LAC,5,17.4,9.0,3.2,7.0,45.7,1.0,2.8,35.7,1.6,1.8,88.9,0.0,1.8,1.8,0.4,0.6,0.2,0.8,7.2,2023-24
176,Andre Drummond,PHI,5,20.4,9.0,4.0,7.2,55.6,0.2,0.8,25.0,0.8,1.6,50.0,4.0,8.4,12.4,0.8,1.8,1.0,2.6,18.4,2023-24
176,Ben Sheppard,IND,4,22.3,9.0,3.0,7.5,40.0,1.5,4.5,33.3,1.5,2.0,75.0,0.3,1.5,1.8,1.8,1.0,0.5,0.3,8.8,2023-24
176,Bilal Coulibaly,WAS,3,26.0,9.0,2.7,6.7,40.0,0.7,3.0,22.2,3.0,3.0,100.0,0.7,4.3,5.0,1.0,1.7,1.0,1.3,12.3,2023-24
176,Boogie Ellis,SAC,3,12.7,9.0,3.3,8.0,41.7,2.3,6.0,38.9,0.0,0.0,0.0,0.3,1.0,1.3,0.3,0.3,0.0,1.3,5.0,2023-24
176,Braxton Key,LAC,1,11.0,9.0,3.0,3.0,100.0,1.0,1.0,100.0,2.0,6.0,33.3,1.0,2.0,3.0,0.0,1.0,0.0,2.0,7.0,2023-24
176,CJ McCollum,NOP,3,19.0,9.0,3.3,10.0,33.3,2.3,7.3,31.8,0.0,0.0,0.0,0.7,3.3,4.0,1.7,0.3,0.7,1.0,8.0,2023-24
176,Caleb Daniels,MIA,1,17.0,9.0,3.0,6.0,50.0,2.0,3.0,66.7,1.0,2.0,50.0,1.0,8.0,9.0,0.0,0.0,0.0,1.0,13.0,2023-24
176,Collin Gillespie,PHX,5,12.8,9.0,2.8,5.4,51.9,1.2,2.8,42.9,2.2,2.6,84.6,0.2,1.6,1.8,3.2,0.6,0.4,1.4,10.6,2023-24
176,Cory Joseph,ORL,1,8.0,9.0,3.0,4.0,75.0,1.0,1.0,100.0,2.0,3.0,66.7,0.0,2.0,2.0,3.0,1.0,0.0,0.0,13.0,2023-24
176,De'Anthony Melton,GSW,5,18.4,9.0,3.6,8.2,43.9,1.8,4.6,39.1,0.0,0.0,0.0,0.6,2.2,2.8,3.4,1.0,0.2,1.6,10.2,2023-24
176,Enrique Freeman,IND,4,16.3,9.0,3.5,5.3,66.7,0.3,0.8,33.3,1.8,2.0,87.5,3.8,2.5,6.3,1.3,0.8,0.8,1.8,14.3,2023-24
176,Guerschon Yabusele,PHI,6,17.8,9.0,3.2,5.5,57.6,1.3,3.0,44.4,1.3,1.5,88.9,1.2,3.8,5.0,1.8,1.0,0.7,0.7,14.3,2023-24
176,Immanuel Quickley,TOR,1,24.0,9.0,4.0,7.0,57.1,1.0,2.0,50.0,0.0,1.0,0.0,0.0,3.0,3.0,10.0,0.0,0.0,3.0,15.0,2023-24
176,Jabari Walker,POR,2,20.5,9.0,3.5,6.5,53.8,1.5,2.0,75.0,0.5,2.0,25.0,1.0,4.5,5.5,2.0,1.0,0.0,0.5,12.5,2023-24
176,Jaime Jaquez Jr.,MIA,3,16.3,9.0,3.3,7.0,47.6,0.0,0.7,0.0,2.3,4.7,50.0,0.7,3.7,4.3,3.3,1.7,0.0,0.7,11.7,2023-24
176,Jordan Walsh,BOS,5,20.8,9.0,3.0,6.6,45.5,1.4,3.8,36.8,1.6,1.8,88.9,1.6,2.4,4.0,1.6,0.8,0.6,0.4,11.8,2023-24
176,Luke Kornet,BOS,4,18.5,9.0,4.3,5.8,73.9,0.0,0.0,0.0,0.5,0.5,100.0,2.8,3.8,6.5,1.8,0.5,0.3,0.3,16.3,2023-24
176,Noah Clowney,BKN,4,20.5,9.0,3.8,7.5,50.0,0.3,3.3,7.7,1.3,2.0,62.5,1.0,3.5,4.5,2.8,1.0,0.5,2.3,11.0,2023-24
176,Onyeka Okongwu,ATL,1,16.0,9.0,4.0,7.0,57.1,1.0,4.0,25.0,0.0,0.0,0.0,1.0,3.0,4.0,1.0,0.0,1.0,0.0,12.0,2023-24
176,Ricky Council IV,PHI,6,19.0,9.0,2.5,7.0,35.7,1.2,3.8,30.4,2.8,3.3,85.0,1.3,2.3,3.7,1.3,0.5,0.0,1.0,8.5,2023-24
176,Rob Dillingham,MIN,5,19.6,9.0,3.6,10.8,33.3,1.4,4.0,35.0,0.4,0.4,100.0,0.0,2.2,2.2,5.0,0.6,0.0,1.0,8.6,2023-24
198,Aaron Gordon,DEN,4,22.5,8.8,3.5,8.5,41.2,0.8,3.0,25.0,1.0,2.3,44.4,0.8,3.5,4.3,4.0,1.0,0.3,1.8,10.3,2023-24
198,Donovan Clingan,POR,4,20.5,8.8,4.3,8.3,51.5,0.3,1.3,20.0,0.0,0.3,0.0,4.5,7.0,11.5,1.5,0.3,2.0,1.5,18.3,2023-24
198,Jaden McDaniels,MIN,4,18.8,8.8,3.0,5.3,57.1,1.3,2.0,62.5,1.5,1.8,85.7,1.3,2.5,3.8,2.0,0.0,0.5,0.8,11.8,2023-24
198,Quincy Olivari,LAL,4,13.3,8.8,3.0,5.8,52.2,2.0,3.5,57.1,0.8,0.8,100.0,1.0,2.5,3.5,1.0,0.3,0.0,2.0,8.8,2023-24
202,Caris LeVert,CLE,3,21.3,8.7,3.0,9.0,33.3,1.0,5.3,18.8,1.7,2.7,62.5,0.3,2.7,3.0,5.0,0.7,0.0,2.0,8.3,2023-24
202,Lindy Waters III,GSW,6,14.5,8.7,2.7,5.5,48.5,1.8,4.2,44.0,1.5,1.7,90.0,0.3,3.5,3.8,0.7,0.3,0.3,0.5,10.3,2023-24
202,Malik Monk,SAC,3,19.7,8.7,3.0,9.7,31.0,0.7,4.7,14.3,2.0,2.0,100.0,0.3,2.0,2.3,1.0,1.0,0.7,2.0,5.0,2023-24
202,T.J. McConnell,IND,3,14.0,8.7,3.7,6.7,55.0,0.3,0.7,50.0,1.0,1.3,75.0,1.0,1.0,2.0,4.0,1.3,0.3,1.7,11.3,2023-24
206,Kyshawn George,WAS,5,20.8,8.6,3.2,6.0,53.3,1.8,4.0,45.0,0.4,0.4,100.0,0.4,2.8,3.2,2.8,1.2,0.8,1.2,12.6,2023-24
207,Brandon Williams,DAL,2,16.5,8.5,2.5,7.0,35.7,1.5,3.5,42.9,2.0,2.5,80.0,0.0,1.0,1.0,1.5,0.0,0.0,2.0,4.0,2023-24
207,Dereck Lively II,DAL,4,18.5,8.5,3.3,4.3,76.5,0.0,0.3,0.0,2.0,3.0,66.7,2.0,3.5,5.5,2.0,0.8,1.8,1.3,15.3,2023-24
207,James Wiseman,IND,4,12.8,8.5,4.3,6.0,70.8,0.0,0.3,0.0,0.0,1.8,0.0,2.0,3.8,5.8,0.5,0.0,0.0,0.5,10.8,2023-24
207,KJ Martin,PHI,6,21.5,8.5,3.8,6.0,63.9,0.2,0.3,50.0,0.7,1.0,66.7,1.3,2.0,3.3,1.3,1.0,0.3,0.8,11.2,2023-24
207,Quentin Grimes,DAL,4,20.0,8.5,3.0,7.8,38.7,1.0,4.0,25.0,1.5,1.8,85.7,0.5,4.8,5.3,2.8,0.5,0.3,1.8,10.5,2023-24
212,Christian Braun,DEN,5,24.4,8.4,2.6,7.0,37.1,0.4,3.0,13.3,2.8,4.0,70.0,1.2,3.4,4.6,2.0,0.4,0.6,1.4,9.0,2023-24
212,Kel'el Ware,MIA,5,14.6,8.4,3.4,7.4,45.9,0.4,2.2,18.2,1.2,2.4,50.0,1.0,3.6,4.6,0.6,1.2,1.2,0.4,10.4,2023-24
212,Royce O'Neale,PHX,5,16.8,8.4,3.2,6.4,50.0,1.4,4.2,33.3,0.6,0.8,75.0,0.6,3.6,4.2,2.2,0.6,1.0,1.2,11.8,2023-24
212,Simone Fontecchio,DET,5,18.4,8.4,3.0,7.8,38.5,1.8,5.0,36.0,0.6,0.6,100.0,1.0,2.2,3.2,0.8,0.2,0.0,0.8,7.0,2023-24
216,Keon Johnson,BKN,3,16.0,8.3,3.3,8.3,40.0,1.0,4.3,23.1,0.7,1.0,66.7,1.3,3.0,4.3,2.3,1.0,0.3,1.0,10.0,2023-24
216,Obi Toppin,IND,3,16.7,8.3,3.3,5.7,58.8,0.0,2.0,0.0,1.7,2.7,62.5,0.7,2.0,2.7,1.3,2.0,0.3,1.3,10.0,2023-24
218,Aaron Wiggins,OKC,4,20.0,8.3,3.5,7.3,48.3,0.8,2.8,27.3,0.5,1.3,40.0,0.3,3.5,3.8,2.5,1.5,0.3,1.0,10.8,2023-24
218,Dean Wade,CLE,4,21.8,8.3,2.8,6.8,40.7,1.8,5.5,31.8,1.0,1.0,100.0,1.0,3.3,4.3,1.8,0.8,1.0,0.0,12.0,2023-24
218,Jabari Smith Jr.,HOU,4,23.8,8.3,3.8,8.3,45.5,0.5,2.5,20.0,0.3,0.5,50.0,2.3,4.3,6.5,2.0,0.0,0.5,2.0,10.5,2023-24
221,Ivica Zubac,LAC,5,18.4,8.2,3.2,5.4,59.3,0.0,0.0,0.0,1.8,2.0,90.0,1.2,4.6,5.8,1.2,1.0,0.6,0.8,13.6,2023-24
221,Jamal Shead,TOR,5,15.2,8.2,2.6,6.6,39.4,0.4,2.6,15.4,2.6,2.8,92.9,0.0,0.0,0.0,3.2,1.0,0.0,0.8,7.4,2023-24
221,Monté Morris,PHX,5,17.0,8.2,3.0,6.2,48.4,1.2,3.0,40.0,1.0,1.0,100.0,0.0,2.6,2.6,4.0,1.2,0.2,0.2,12.8,2023-24
224,Clint Capela,ATL,3,16.0,8.0,3.0,5.3,56.3,0.0,0.0,0.0,2.0,2.3,85.7,2.0,5.0,7.0,1.3,0.0,0.3,0.0,14.0,2023-24
224,Daniel Gafford,DAL,4,15.5,8.0,3.5,5.3,66.7,0.0,0.0,0.0,1.0,1.3,80.0,1.5,3.5,5.0,1.5,0.5,2.0,1.0,14.0,2023-24
224,Dario Šarić,DEN,5,15.4,8.0,3.0,5.6,53.6,0.2,1.6,12.5,1.8,2.2,81.8,1.2,3.4,4.6,2.0,0.4,0.0,1.0,11.0,2023-24
224,Haywood Highsmith,MIA,4,16.8,8.0,3.0,5.5,54.5,1.3,2.5,50.0,0.8,1.3,60.0,1.0,2.5,3.5,0.5,0.8,0.3,0.8,9.3,2023-24
224,Jesse Edwards,MIN,2,15.0,8.0,2.5,4.0,62.5,0.0,0.0,0.0,3.0,4.5,66.7,2.5,1.0,3.5,0.0,1.5,0.0,2.0,8.0,2023-24
224,Kai Jones,LAC,5,24.2,8.0,3.6,5.4,66.7,0.0,0.0,0.0,0.8,1.6,50.0,1.8,3.2,5.0,1.4,1.4,2.4,1.6,14.0,2023-24
224,Nassir Little,MIA,2,23.5,8.0,2.0,7.0,28.6,2.0,4.0,50.0,2.0,3.0,66.7,1.0,2.0,3.0,1.5,1.0,0.0,2.0,5.5,2023-24
224,P.J. Washington,DAL,2,20.5,8.0,2.5,6.5,38.5,0.5,2.0,25.0,2.5,3.0,83.3,1.0,4.0,5.0,0.5,2.5,0.5,2.5,9.5,2023-24
224,Rudy Gobert,MIN,3,21.7,8.0,3.0,5.0,60.0,0.0,0.0,0.0,2.0,3.0,66.7,2.0,7.7,9.7,1.0,0.3,0.0,1.7,14.3,2023-24
233,Adam Flagler,OKC,5,17.4,7.8,2.8,7.2,38.9,1.8,4.8,37.5,0.4,0.4,100.0,0.2,1.4,1.6,1.2,0.6,0.0,0.0,6.8,2023-24
233,Carlton Carrington,WAS,5,22.2,7.8,2.8,8.0,35.0,1.2,4.2,28.6,1.0,1.4,71.4,0.6,3.8,4.4,1.4,0.2,0.0,2.4,5.8,2023-24
233,Keon Ellis,SAC,5,22.8,7.8,3.0,6.6,45.5,1.0,3.4,29.4,0.8,0.8,100.0,1.4,0.8,2.2,2.4,1.2,0.2,1.0,9.2,2023-24
236,Andrew Nembhard,IND,4,18.0,7.8,2.8,6.3,44.0,0.8,2.3,33.3,1.5,1.8,85.7,0.5,1.5,2.0,2.8,0.5,0.0,0.5,8.8,2023-24
236,Cole Swider,DET,4,16.5,7.8,2.5,7.3,34.5,1.8,5.5,31.8,1.0,1.0,100.0,0.3,3.5,3.8,1.3,0.3,0.0,0.3,8.0,2023-24
236,Derrick Jones Jr.,LAC,4,17.0,7.8,2.8,5.8,47.8,0.3,2.0,12.5,2.0,2.5,80.0,0.0,1.3,1.3,0.3,0.5,1.0,1.0,6.3,2023-24
236,Quenton Jackson,IND,4,10.0,7.8,2.8,3.8,73.3,0.3,0.3,100.0,2.0,2.3,88.9,1.0,1.3,2.3,1.8,0.8,0.3,1.3,10.3,2023-24
236,Ty Jerome,CLE,4,16.8,7.8,2.5,7.3,34.5,1.0,4.0,25.0,1.8,2.0,87.5,0.5,2.5,3.0,3.0,0.3,0.0,1.5,7.5,2023-24
241,Dorian Finney-Smith,BKN,3,23.7,7.7,2.0,5.7,35.3,1.0,4.0,25.0,2.7,3.3,80.0,1.0,2.7,3.7,1.7,1.3,0.3,1.0,9.3,2023-24
241,Malcolm Hill,NOP,3,8.0,7.7,2.0,4.7,42.9,1.0,3.3,30.0,2.7,2.7,100.0,0.3,0.3,0.7,0.0,0.0,0.0,0.0,5.7,2023-24
241,Riley Minix,SAS,3,7.7,7.7,2.7,4.0,66.7,1.3,2.3,57.1,1.0,1.0,100.0,0.3,1.7,2.0,0.0,0.0,0.0,0.0,8.3,2023-24
244,Harrison Barnes,SAS,5,23.4,7.6,2.2,6.0,36.7,1.2,3.6,33.3,2.0,2.2,90.9,1.2,2.2,3.4,1.4,0.2,0.2,1.8,7.0,2023-24
244,Josh Christopher,MIA,5,13.6,7.6,2.6,6.6,39.4,1.0,2.8,35.7,1.4,1.4,100.0,1.0,1.2,2.2,3.0,2.0,0.0,2.0,8.8,2023-24
244,Max Christie,LAL,5,23.0,7.6,2.6,6.6,39.4,1.2,4.0,30.0,1.2,1.2,100.0,0.4,3.2,3.6,0.8,0.6,0.4,1.4,7.6,2023-24
244,Ronald Holland II,DET,5,22.8,7.6,2.6,7.0,37.1,0.2,1.8,11.1,2.2,2.8,78.6,0.8,2.8,3.6,2.8,0.8,0.6,1.6,8.8,2023-24
248,Gary Trent Jr.,MIL,4,19.3,7.5,3.3,7.8,41.9,1.0,2.5,40.0,0.0,0.0,0.0,0.3,1.5,1.8,1.3,1.0,0.0,1.0,6.0,2023-24
248,Georges Niang,CLE,4,16.3,7.5,2.8,6.5,42.3,1.0,3.8,26.7,1.0,1.0,100.0,0.0,2.8,2.8,0.8,0.3,0.0,0.3,7.3,2023-24
248,Jack McVeigh,HOU,2,8.0,7.5,3.0,5.0,60.0,1.5,2.5,60.0,0.0,0.0,0.0,1.5,1.5,3.0,0.0,0.0,0.0,0.5,8.0,2023-24
248,Naji Marshall,DAL,4,20.8,7.5,2.8,7.8,35.5,0.8,1.8,42.9,1.3,1.5,83.3,0.8,4.0,4.8,1.8,0.8,0.0,1.3,8.3,2023-24
252,Jahmi'us Ramsey,TOR,5,12.8,7.4,2.2,5.6,39.3,1.0,2.4,41.7,2.0,2.4,83.3,0.0,1.0,1.0,0.4,0.2,0.0,1.6,3.6,2023-24
253,Franz Wagner,ORL,3,20.7,7.3,2.7,9.0,29.6,0.0,2.3,0.0,2.0,2.7,75.0,0.7,1.7,2.3,1.3,1.0,0.0,1.7,3.3,2023-24
253,Fred VanVleet,HOU,3,22.7,7.3,2.0,7.7,26.1,1.3,5.7,23.5,2.0,3.3,60.0,0.3,1.3,1.7,7.3,1.0,0.3,0.7,10.0,2023-24
253,Jordan McLaughlin,SAC,3,22.3,7.3,3.0,7.0,42.9,1.0,3.7,27.3,0.3,0.7,50.0,1.3,1.7,3.0,4.0,2.7,0.0,2.3,10.3,2023-24
256,Duncan Robinson,MIA,4,17.3,7.3,3.0,6.3,48.0,1.3,4.0,31.3,0.0,0.0,0.0,0.0,2.0,2.0,2.5,0.5,0.0,1.8,7.3,2023-24
256,Garrison Mathews,ATL,4,16.3,7.3,2.5,8.0,31.3,2.3,6.8,33.3,0.0,0.0,0.0,0.0,0.5,0.5,1.0,1.0,0.0,0.5,3.8,2023-24
256,Lonnie Walker IV,BOS,4,16.5,7.3,3.0,7.0,42.9,1.3,4.0,31.3,0.0,0.0,0.0,0.3,1.3,1.5,2.5,0.5,0.3,0.5,7.5,2023-24
256,Patrick Williams,CHI,4,19.5,7.3,3.0,7.8,38.7,1.0,3.8,26.7,0.3,0.5,50.0,0.5,3.8,4.3,1.5,0.5,0.3,2.0,6.8,2023-24
256,Terry Rozier,MIA,4,19.8,7.3,3.3,9.5,34.2,0.5,3.8,13.3,0.3,0.5,50.0,1.3,2.5,3.8,3.3,0.5,1.0,1.3,8.0,2023-24
261,Brandon Clarke,MEM,4,16.5,7.0,3.0,6.3,48.0,0.8,2.3,33.3,0.3,1.3,20.0,0.5,1.3,1.8,2.0,1.0,0.5,0.5,7.5,2023-24
261,Caleb Martin,PHI,5,19.6,7.0,2.0,5.6,35.7,0.8,2.0,40.0,2.2,2.2,100.0,1.0,1.6,2.6,1.2,0.0,0.6,1.4,6.4,2023-24
261,Charles Bassey,SAS,2,12.0,7.0,3.5,5.0,70.0,0.0,0.0,0.0,0.0,0.0,0.0,1.0,3.5,4.5,0.5,0.0,0.5,1.0,10.0,2023-24
261,Chris Paul,SAS,3,25.0,7.0,2.7,6.0,44.4,1.7,3.3,50.0,0.0,0.0,0.0,0.3,2.0,2.3,5.3,1.0,0.0,2.7,9.7,2023-24
261,Cole Anthony,ORL,3,12.7,7.0,2.0,6.3,31.6,0.7,3.7,18.2,2.3,2.3,100.0,0.0,1.7,1.7,1.7,1.3,0.0,2.0,5.3,2023-24
261,Daishen Nix,MIN,4,12.5,7.0,2.3,5.0,45.0,0.8,2.0,37.5,1.8,3.5,50.0,0.5,1.0,1.5,1.3,0.8,0.0,1.0,5.0,2023-24
261,Drew Eubanks,UTA,4,16.0,7.0,2.3,3.0,75.0,0.0,0.0,0.0,2.5,3.0,83.3,1.0,3.5,4.5,0.3,0.5,1.0,0.5,11.5,2023-24
261,Goga Bitadze,ORL,3,14.3,7.0,3.3,5.7,58.8,0.3,0.7,50.0,0.0,0.7,0.0,3.3,5.7,9.0,0.3,0.0,2.0,0.3,15.0,2023-24
261,Grayson Allen,PHX,1,21.0,7.0,2.0,7.0,28.6,1.0,4.0,25.0,2.0,2.0,100.0,0.0,2.0,2.0,1.0,1.0,0.0,3.0,3.0,2023-24
261,Isaiah Hartenstein,OKC,3,18.0,7.0,2.7,5.0,53.3,0.0,0.3,0.0,1.7,3.7,45.5,2.0,4.7,6.7,4.3,1.0,1.0,2.3,13.3,2023-24
261,JD Davison,BOS,5,13.2,7.0,2.0,4.4,45.5,1.2,2.8,42.9,1.8,2.2,81.8,0.2,1.2,1.4,2.4,0.8,0.6,1.2,8.2,2023-24
261,Jaylon Tyson,CLE,4,16.0,7.0,2.3,4.3,52.9,0.3,1.0,25.0,2.3,2.5,90.0,0.8,3.5,4.3,1.3,0.5,0.5,2.3,9.0,2023-24
261,Kenneth Lofton Jr.,CHI,1,15.0,7.0,1.0,3.0,33.3,1.0,3.0,33.3,4.0,4.0,100.0,1.0,7.0,8.0,2.0,1.0,0.0,2.0,14.0,2023-24
261,Klay Thompson,DAL,3,19.0,7.0,2.3,9.7,24.1,2.0,6.0,33.3,0.3,0.7,50.0,0.3,2.7,3.0,2.0,0.0,0.3,1.7,3.0,2023-24
261,Larry Nance Jr.,ATL,3,19.7,7.0,2.7,5.0,53.3,0.7,2.0,33.3,1.0,2.3,42.9,2.7,3.0,5.7,2.0,1.3,0.0,1.0,11.3,2023-24
261,Moussa Diabate,CHA,5,18.2,7.0,2.8,4.0,70.0,0.0,0.0,0.0,1.4,2.8,50.0,2.0,3.0,5.0,1.4,1.4,0.8,1.0,12.0,2023-24
261,Nick Richards,CHA,5,17.8,7.0,2.6,4.2,61.9,0.0,0.0,0.0,1.8,2.0,90.0,2.4,4.6,7.0,0.2,0.2,1.2,1.8,12.0,2023-24
261,Nikola Jović,MIA,5,18.2,7.0,2.4,5.6,42.9,1.0,3.4,29.4,1.2,1.2,100.0,0.0,2.0,2.0,2.4,1.0,0.2,0.8,8.6,2023-24
261,Pelle Larsson,MIA,5,15.6,7.0,2.2,6.2,35.5,1.0,2.6,38.5,1.6,1.6,100.0,0.6,1.2,1.8,2.0,0.8,0.0,1.0,6.6,2023-24
261,Tari Eason,HOU,2,14.5,7.0,3.0,6.0,50.0,0.5,2.5,20.0,0.5,1.0,50.0,0.5,4.5,5.0,1.5,0.5,0.0,2.0,8.5,2023-24
261,Tre Jones,SAS,4,20.5,7.0,2.8,4.3,64.7,0.3,1.0,25.0,1.3,1.8,71.4,0.5,2.5,3.0,5.3,1.5,0.0,0.5,14.3,2023-24
261,Walker Kessler,UTA,6,22.3,7.0,3.2,4.2,76.0,0.0,0.0,0.0,0.7,2.0,33.3,2.5,6.5,9.0,1.5,0.3,1.8,1.7,15.7,2023-24
261,Wendell Carter Jr.,ORL,2,20.5,7.0,3.5,5.5,63.6,0.0,2.0,0.0,0.0,0.0,0.0,1.5,5.0,6.5,1.0,0.5,0.5,0.5,13.0,2023-24
284,Cody Williams,UTA,6,23.8,6.8,2.2,5.3,40.6,0.7,2.5,26.7,1.8,2.3,78.6,0.7,1.8,2.5,1.7,0.5,0.3,1.2,7.0,2023-24
285,Isaiah Stewart,DET,5,15.0,6.8,2.6,4.2,61.9,0.6,1.4,42.9,1.0,1.2,83.3,0.4,2.2,2.6,1.0,0.2,0.6,1.0,8.4,2023-24
285,Jared Butler,WAS,5,14.4,6.8,3.0,5.6,53.6,0.4,0.8,50.0,0.4,0.6,66.7,0.0,0.6,0.6,4.2,0.6,0.2,1.6,8.0,2023-24
285,Malik Beasley,DET,5,19.8,6.8,2.6,7.4,35.1,1.6,5.0,32.0,0.0,0.0,0.0,0.0,2.0,2.0,1.4,1.2,0.0,0.8,5.8,2023-24
285,Terance Mann,LAC,5,15.2,6.8,2.8,4.0,70.0,0.6,1.4,42.9,0.6,1.8,33.3,0.4,2.6,3.0,0.4,1.0,0.0,1.0,7.8,2023-24
285,Zeke Nnaji,DEN,5,16.8,6.8,2.4,4.4,54.5,1.2,2.2,54.5,0.8,1.2,66.7,0.4,2.4,2.8,0.6,0.8,0.8,0.6,8.8,2023-24
290,Cason Wallace,OKC,4,22.5,6.8,3.0,7.0,42.9,0.8,3.3,23.1,0.0,0.0,0.0,1.0,3.8,4.8,2.0,1.8,0.3,1.0,10.5,2023-24
290,Marvin Bagley III,WAS,4,16.3,6.8,2.3,4.8,47.4,0.5,0.5,100.0,1.8,2.3,77.8,1.5,3.5,5.0,1.8,0.0,0.5,1.8,9.3,2023-24
290,Nickeil Alexander-Walker,MIN,4,17.5,6.8,2.3,7.0,32.1,1.0,4.0,25.0,1.3,1.3,100.0,1.3,1.3,2.5,1.8,1.0,0.5,2.0,5.8,2023-24
290,Xavier Tillman,BOS,4,17.3,6.8,2.3,4.8,47.4,1.5,2.8,54.5,0.8,1.0,75.0,1.8,3.5,5.3,1.3,1.0,0.8,0.3,12.0,2023-24
294,Alec Burks,MIA,3,16.3,6.7,2.7,4.0,66.7,1.3,2.3,57.1,0.0,0.0,0.0,0.0,2.0,2.0,1.7,0.7,0.7,0.3,10.0,2023-24
294,Jaylen Martin,BKN,3,10.7,6.7,3.0,5.0,60.0,0.3,0.7,50.0,0.3,1.0,33.3,1.7,1.0,2.7,1.0,0.0,0.0,0.7,7.0,2023-24
294,Jose Alvarado,NOP,3,17.7,6.7,3.0,7.3,40.9,0.7,4.3,15.4,0.0,0.0,0.0,0.7,2.0,2.7,3.0,1.7,0.7,3.0,7.3,2023-24
294,Jrue Holiday,BOS,3,16.0,6.7,3.0,5.7,52.9,0.7,2.7,25.0,0.0,0.0,0.0,0.7,1.3,2.0,0.7,1.0,0.3,0.7,7.3,2023-24
294,Taylor Hendricks,UTA,6,25.7,6.7,2.5,6.3,39.5,1.0,3.8,26.1,0.7,0.8,80.0,1.0,3.2,4.2,1.0,0.7,0.8,1.3,8.0,2023-24
294,Trayce Jackson-Davis,GSW,6,21.2,6.7,3.0,4.3,69.2,0.0,0.0,0.0,0.7,1.2,57.1,1.7,4.5,6.2,2.7,0.3,1.7,1.2,14.5,2023-24
300,Aaron Estrada,DET,2,8.0,6.5,2.0,4.0,50.0,0.5,1.5,33.3,2.0,2.0,100.0,0.0,0.0,0.0,1.0,1.0,0.0,0.0,6.5,2023-24
300,Jermaine Samuels Jr.,HOU,2,9.0,6.5,1.0,2.5,40.0,1.0,2.0,50.0,3.5,4.0,87.5,1.0,0.5,1.5,0.5,0.0,0.0,1.0,5.5,2023-24
300,Jonas Valančiūnas,WAS,4,18.0,6.5,2.0,4.5,44.4,0.0,0.5,0.0,2.5,3.5,71.4,1.5,4.0,5.5,1.5,0.0,0.5,2.8,7.8,2023-24
300,Nate Darling,LAC,2,13.5,6.5,2.5,5.5,45.5,1.5,4.0,37.5,0.0,0.0,0.0,0.5,0.5,1.0,0.5,0.5,0.0,0.5,5.0,2023-24
300,Reed Sheppard,HOU,4,21.3,6.5,3.0,6.8,44.4,0.5,2.8,18.2,0.0,0.3,0.0,1.3,1.8,3.0,2.5,1.0,1.0,1.3,8.8,2023-24
305,Gabe Vincent,LAL,5,14.0,6.4,2.4,5.6,42.9,1.2,3.2,37.5,0.4,0.4,100.0,0.0,0.6,0.6,1.0,0.2,0.0,1.0,4.0,2023-24
305,Jamison Battle,TOR,5,9.8,6.4,2.4,4.4,54.5,1.6,2.8,57.1,0.0,0.0,0.0,0.8,0.2,1.0,1.0,0.2,0.0,0.0,6.6,2023-24
305,Kobe Brown,LAC,5,20.4,6.4,2.6,5.0,52.0,0.6,2.2,27.3,0.6,0.6,100.0,1.6,4.4,6.0,2.2,1.2,0.2,1.2,12.4,2023-24
308,Brook Lopez,MIL,3,18.0,6.3,2.3,4.0,58.3,1.3,3.0,44.4,0.3,0.3,100.0,0.3,2.7,3.0,1.0,0.7,2.0,0.7,10.7,2023-24
308,Dalen Terry,CHI,3,21.3,6.3,2.3,6.0,38.9,0.3,2.3,14.3,1.3,2.7,50.0,1.0,3.3,4.3,4.3,1.3,1.0,2.0,10.3,2023-24
308,Josh Okogie,PHX,3,14.3,6.3,2.7,6.0,44.4,0.7,2.0,33.3,0.3,0.7,50.0,0.3,2.0,2.3,1.3,1.0,0.0,1.0,6.3,2023-24
311,Pat Connaughton,MIL,4,16.3,6.3,2.5,4.8,52.6,1.3,3.0,41.7,0.0,0.0,0.0,0.0,2.5,2.5,2.5,0.5,0.0,0.3,9.3,2023-24
311,Seth Curry,CHA,4,14.3,6.3,2.3,4.3,52.9,1.8,3.3,53.8,0.0,0.0,0.0,0.0,1.5,1.5,1.8,0.5,0.0,0.3,7.8,2023-24
311,Sidy Cissoko,SAS,4,17.0,6.3,2.5,3.3,76.9,0.5,1.0,50.0,0.8,2.0,37.5,0.5,2.8,3.3,1.3,0.0,0.5,1.3,8.0,2023-24
311,Spencer Dinwiddie,DAL,4,17.8,6.3,2.0,6.8,29.6,0.8,2.8,27.3,1.5,2.3,66.7,0.0,1.0,1.0,1.5,1.3,0.0,1.8,2.8,2023-24
311,Wendell Moore Jr.,DET,4,12.3,6.3,2.0,3.3,61.5,0.8,1.0,75.0,1.5,1.5,100.0,0.5,2.8,3.3,0.5,0.8,0.5,0.5,9.5,2023-24
316,Draymond Green,GSW,5,17.2,6.2,2.2,4.0,55.0,0.6,1.6,37.5,1.2,1.4,85.7,0.6,3.2,3.8,3.0,0.4,0.6,1.8,10.2,2023-24
316,Patrick Baldwin Jr.,WAS,5,14.0,6.2,2.4,4.6,52.2,1.0,2.8,35.7,0.4,1.2,33.3,0.4,1.6,2.0,0.6,1.2,0.6,1.0,6.6,2023-24
318,Aaron Holiday,HOU,4,9.5,6.0,1.8,4.0,43.8,0.5,2.3,22.2,2.0,3.0,66.7,0.0,1.3,1.3,0.5,0.5,0.0,0.8,4.3,2023-24
318,Bogdan Bogdanović,ATL,1,19.0,6.0,2.0,11.0,18.2,2.0,8.0,25.0,0.0,0.0,0.0,0.0,2.0,2.0,2.0,0.0,1.0,1.0,1.0,2023-24
318,Duane Washington Jr.,CHA,2,10.0,6.0,2.5,6.5,38.5,0.5,2.0,25.0,0.5,2.5,20.0,0.0,0.0,0.0,0.5,0.0,0.0,1.5,-1.0,2023-24
318,Duop Reath,POR,4,14.0,6.0,2.3,6.5,34.6,1.5,4.3,35.3,0.0,0.5,0.0,0.5,2.0,2.5,0.8,1.3,0.3,1.0,5.0,2023-24
318,Gary Harris,ORL,2,15.0,6.0,2.0,2.5,80.0,1.5,1.5,100.0,0.5,1.0,50.0,0.0,0.5,0.5,0.5,0.5,0.0,0.5,6.0,2023-24
318,Jahmir Young,DEN,2,11.0,6.0,2.5,3.5,71.4,0.0,0.5,0.0,1.0,2.0,50.0,0.0,1.0,1.0,2.0,0.0,0.0,1.5,5.5,2023-24
318,Jamal Cain,NOP,3,11.7,6.0,2.3,4.7,50.0,0.3,1.3,25.0,1.0,1.7,60.0,1.0,2.7,3.7,0.0,0.0,1.0,1.3,6.3,2023-24
318,Miles Norris,MEM,1,6.0,6.0,2.0,2.0,100.0,2.0,2.0,100.0,0.0,0.0,0.0,1.0,1.0,2.0,1.0,1.0,0.0,1.0,9.0,2023-24
318,Sam Merrill,CLE,2,15.0,6.0,1.5,6.5,23.1,1.5,6.5,23.1,1.5,1.5,100.0,0.0,2.0,2.0,1.0,0.0,0.0,0.5,3.5,2023-24
318,Terrence Shannon Jr.,MIN,5,17.4,6.0,1.8,5.4,33.3,0.0,2.0,0.0,2.4,2.8,85.7,0.2,2.2,2.4,2.2,0.4,0.0,1.2,5.8,2023-24
328,Jaxson Hayes,LAL,6,20.0,5.8,2.5,4.5,55.6,0.0,0.0,0.0,0.8,1.8,45.5,2.3,3.7,6.0,1.8,0.7,1.0,0.7,11.7,2023-24
328,Jeff Dowtin Jr.,PHI,6,15.0,5.8,2.3,5.3,43.8,0.5,2.2,23.1,0.7,1.5,44.4,0.5,1.5,2.0,3.0,0.8,0.0,0.7,7.2,2023-24
330,Alex Ducas,OKC,5,16.0,5.8,2.2,5.6,39.3,1.0,3.6,27.8,0.4,0.8,50.0,0.0,1.6,1.6,0.6,0.4,0.4,0.8,4.2,2023-24
330,Bruno Fernando,TOR,5,14.0,5.8,2.4,4.6,52.2,0.0,0.2,0.0,1.0,1.2,83.3,1.6,3.4,5.0,0.8,1.0,0.4,1.6,9.0,2023-24
330,John Konchar,MEM,5,21.8,5.8,1.8,4.4,40.9,0.6,2.6,23.1,1.6,1.8,88.9,2.2,2.8,5.0,2.0,1.0,1.0,0.8,11.2,2023-24
330,Lester Quinones,PHI,5,13.6,5.8,2.0,6.0,33.3,1.2,4.0,30.0,0.6,0.8,75.0,0.6,1.8,2.4,0.6,0.8,0.2,0.6,5.0,2023-24
330,Neemias Queta,BOS,5,14.8,5.8,2.0,3.4,58.8,0.0,0.2,0.0,1.8,2.0,90.0,1.4,4.4,5.8,2.0,0.2,0.8,1.0,12.0,2023-24
335,Charlie Brown Jr.,CHA,4,13.0,5.8,2.0,3.8,53.3,0.8,2.5,30.0,1.0,1.0,100.0,0.3,1.0,1.3,1.0,1.5,0.3,0.5,7.5,2023-24
335,Tristen Newton,IND,4,14.8,5.8,1.5,4.5,33.3,1.0,2.8,36.4,1.8,2.8,63.6,0.5,1.8,2.3,3.5,1.5,0.0,2.5,6.5,2023-24
337,Aaron Nesmith,IND,3,16.7,5.7,2.0,5.3,37.5,1.0,2.7,37.5,0.7,0.7,100.0,0.3,1.3,1.7,1.0,0.3,0.7,0.7,5.3,2023-24
337,Ben Simmons,BKN,3,17.3,5.7,2.7,4.7,57.1,0.0,0.0,0.0,0.3,0.7,50.0,1.3,3.7,5.0,3.7,0.3,0.3,1.0,11.7,2023-24
337,Daniel Theis,NOP,3,17.7,5.7,2.3,4.3,53.8,0.3,1.0,33.3,0.7,0.7,100.0,1.3,0.3,1.7,0.7,0.7,0.3,1.3,5.7,2023-24
337,T.J. Warren,NYK,3,10.0,5.7,1.7,2.7,62.5,0.3,1.3,25.0,2.0,2.0,100.0,1.0,1.7,2.7,0.7,0.0,0.0,0.3,7.7,2023-24
337,Tristan da Silva,ORL,3,14.3,5.7,2.0,4.3,46.2,0.7,2.0,33.3,1.0,1.3,75.0,0.7,1.7,2.3,0.7,0.0,0.3,0.3,6.0,2023-24
342,Oso Ighodaro,PHX,5,24.4,5.6,2.8,5.0,56.0,0.0,0.2,0.0,0.0,0.0,0.0,1.2,2.8,4.0,2.6,0.4,1.2,1.6,10.0,2023-24
343,Craig Porter Jr.,CLE,4,13.3,5.5,2.0,5.0,40.0,0.8,1.8,42.9,0.8,1.0,75.0,0.8,1.0,1.8,2.3,0.3,0.5,1.5,5.5,2023-24
343,Elijah Harkless,LAC,2,10.5,5.5,2.5,5.0,50.0,0.5,2.0,25.0,0.0,0.0,0.0,0.0,1.5,1.5,0.5,1.0,0.5,0.0,6.5,2023-24
343,JT Thor,CLE,4,10.3,5.5,1.5,3.5,42.9,0.3,0.8,33.3,2.3,3.0,75.0,1.3,1.3,2.5,0.5,0.5,0.5,0.0,6.8,2023-24
343,Jarrett Culver,ORL,2,9.0,5.5,2.0,4.0,50.0,0.5,1.0,50.0,1.0,1.0,100.0,1.5,1.5,3.0,0.0,0.0,0.5,0.5,6.5,2023-24
343,Justin Champagnie,WAS,4,14.5,5.5,1.8,3.8,46.7,0.3,1.3,20.0,1.8,2.3,77.8,0.8,1.8,2.5,0.0,0.0,0.8,1.3,5.0,2023-24
343,Taylor Funk,WAS,2,9.5,5.5,2.0,5.5,36.4,1.5,5.0,30.0,0.0,0.0,0.0,1.0,1.5,2.5,1.0,0.0,0.0,0.5,5.0,2023-24
343,Zyon Pullin,MIA,2,16.5,5.5,2.0,4.5,44.4,0.5,2.0,25.0,1.0,1.5,66.7,0.5,2.5,3.0,2.0,1.0,0.0,1.0,7.5,2023-24
350,Alex Len,SAC,5,16.2,5.4,2.2,4.2,52.4,0.2,0.4,50.0,0.8,1.2,66.7,1.8,4.2,6.0,1.4,0.2,0.4,1.6,9.4,2023-24
350,Daniss Jenkins,DET,5,13.0,5.4,2.2,6.4,34.4,1.0,2.8,35.7,0.0,0.2,0.0,0.4,2.2,2.6,1.6,0.8,0.2,1.4,4.8,2023-24
350,Thomas Bryant,MIA,5,10.2,5.4,2.4,4.6,52.2,0.2,2.0,10.0,0.4,0.4,100.0,0.6,1.8,2.4,0.6,0.6,0.2,1.0,6.0,2023-24
350,Trey Alexander,DEN,5,14.2,5.4,1.6,5.2,30.8,0.4,1.6,25.0,1.8,2.2,81.8,0.4,2.4,2.8,2.4,1.0,0.0,1.6,6.0,2023-24
354,Ryan Rollins,MIL,3,10.3,5.3,2.0,4.7,42.9,1.3,2.7,50.0,0.0,0.0,0.0,0.3,2.0,2.3,1.7,0.3,0.3,1.3,6.0,2023-24
354,Yves Missi,NOP,3,16.7,5.3,2.0,2.7,75.0,0.0,0.0,0.0,1.3,2.3,57.1,1.0,2.0,3.0,0.7,1.0,2.0,1.0,9.3,2023-24
356,AJ Johnson,MIL,4,23.5,5.3,2.0,11.5,17.4,0.8,3.5,21.4,0.5,0.8,66.7,1.0,2.0,3.0,4.3,0.0,0.0,2.8,0.0,2023-24
356,Anžejs Pasečņiks,MIL,4,13.3,5.3,2.5,4.3,58.8,0.0,0.0,0.0,0.3,0.8,33.3,1.0,3.0,4.0,1.3,1.0,0.0,1.3,8.0,2023-24
356,Leonard Miller,MIN,4,12.3,5.3,2.0,4.0,50.0,0.5,1.5,33.3,0.8,0.8,100.0,0.5,4.0,4.5,0.8,0.5,0.5,0.8,8.8,2023-24
359,Johnny Davis,WAS,5,14.0,5.2,1.6,3.8,42.1,0.2,1.0,20.0,1.8,3.2,56.3,0.6,1.0,1.6,1.6,0.6,0.2,0.4,5.2,2023-24
360,Cody Martin,CHA,1,8.0,5.0,2.0,3.0,66.7,1.0,2.0,50.0,0.0,1.0,0.0,3.0,1.0,4.0,0.0,0.0,1.0,1.0,7.0,2023-24
360,Cormac Ryan,OKC,3,10.3,5.0,2.0,4.0,50.0,1.0,2.0,50.0,0.0,0.0,0.0,0.0,0.7,0.7,1.0,0.3,0.0,0.0,5.0,2023-24
360,Emanuel Miller,DAL,3,9.3,5.0,2.0,2.7,75.0,0.0,0.3,0.0,1.0,1.0,100.0,0.0,1.3,1.3,0.3,0.0,0.7,0.0,6.7,2023-24
360,Eric Gordon,PHI,5,12.6,5.0,1.8,5.0,36.0,1.2,2.8,42.9,0.2,0.2,100.0,0.2,0.6,0.8,0.4,0.4,0.2,0.4,3.2,2023-24
360,Keita Bates-Diop,MIN,2,12.5,5.0,2.0,4.5,44.4,1.0,2.0,50.0,0.0,0.0,0.0,1.0,1.5,2.5,0.0,0.0,0.0,1.5,3.5,2023-24
360,Keshad Johnson,MIA,4,14.8,5.0,2.3,4.8,47.4,0.5,2.3,22.2,0.0,0.3,0.0,0.5,1.5,2.0,0.8,1.0,0.5,1.0,5.5,2023-24
360,Kevon Looney,GSW,6,14.2,5.0,2.2,3.5,61.9,0.0,0.2,0.0,0.7,0.8,80.0,0.7,3.0,3.7,2.3,1.0,1.0,0.5,11.0,2023-24
360,Keyontae Johnson,CHA,5,15.6,5.0,2.0,5.0,40.0,0.4,1.6,25.0,0.6,0.6,100.0,1.4,1.4,2.8,0.8,0.6,0.0,0.4,5.8,2023-24
360,Luguentz Dort,OKC,3,19.0,5.0,2.0,4.3,46.2,0.3,1.7,20.0,0.7,0.7,100.0,0.3,2.3,2.7,1.7,0.7,1.0,0.7,8.0,2023-24
360,Malevy Leons,OKC,4,13.5,5.0,2.3,3.3,69.2,0.0,0.3,0.0,0.5,0.5,100.0,2.0,1.8,3.8,0.8,1.5,0.3,0.3,10.0,2023-24
360,Marcus Smart,MEM,3,20.3,5.0,1.0,3.0,33.3,0.3,1.3,25.0,2.7,3.0,88.9,0.3,0.7,1.0,3.3,1.3,0.3,2.3,6.3,2023-24
360,Micah Potter,UTA,1,10.0,5.0,2.0,3.0,66.7,1.0,2.0,50.0,0.0,0.0,0.0,0.0,2.0,2.0,1.0,0.0,0.0,1.0,6.0,2023-24
360,Torrey Craig,CHI,3,16.0,5.0,2.0,5.0,40.0,1.0,3.3,30.0,0.0,0.0,0.0,0.7,1.3,2.0,0.3,0.3,0.0,1.0,3.7,2023-24
360,Vít Krejčí,ATL,4,23.3,5.0,2.0,4.8,42.1,1.0,3.3,30.8,0.0,0.0,0.0,0.8,1.8,2.5,3.5,1.0,0.3,2.0,7.5,2023-24
360,Zhaire Smith,CLE,1,4.0,5.0,2.0,2.0,100.0,0.0,0.0,0.0,1.0,2.0,50.0,0.0,0.0,0.0,0.0,1.0,0.0,0.0,5.0,2023-24
375,Justin Edwards,PHI,6,13.2,4.8,1.8,4.5,40.7,0.2,2.2,7.7,1.0,1.2,85.7,0.2,2.0,2.2,0.5,0.5,0.0,0.7,4.5,2023-24
376,Bol Bol,PHX,5,16.6,4.8,1.8,4.4,40.9,1.0,2.4,41.7,0.2,1.0,20.0,0.4,4.8,5.2,1.2,0.0,0.2,0.8,7.2,2023-24
376,Dru Smith,MIA,5,13.6,4.8,1.2,3.6,33.3,0.8,2.2,36.4,1.6,2.0,80.0,0.2,1.8,2.0,3.0,0.8,0.2,0.6,7.4,2023-24
376,Kyle Filipowski,UTA,5,13.2,4.8,1.8,4.2,42.9,0.6,2.2,27.3,0.6,0.8,75.0,1.2,3.2,4.4,1.8,0.4,0.6,1.6,7.8,2023-24
376,Reggie Jackson,PHI,5,9.6,4.8,1.8,4.2,42.9,0.8,2.4,33.3,0.4,0.4,100.0,0.2,0.8,1.0,2.0,0.2,0.2,0.4,5.4,2023-24
380,Alex Caruso,OKC,4,16.5,4.8,2.0,3.8,53.3,0.3,1.5,16.7,0.5,0.8,66.7,0.0,1.8,1.8,2.3,0.8,0.8,0.5,7.8,2023-24
380,Frank Kaminsky,PHX,4,9.8,4.8,1.5,3.5,42.9,0.8,2.5,30.0,1.0,1.0,100.0,0.3,2.8,3.0,0.5,0.3,0.3,0.0,6.8,2023-24
380,Jevon Carter,CHI,4,11.3,4.8,1.8,4.3,41.2,0.5,2.3,22.2,0.8,1.0,75.0,0.0,0.8,0.8,0.8,0.8,0.3,0.5,4.0,2023-24
380,Kevin Love,MIA,4,7.5,4.8,1.8,3.5,50.0,1.3,2.8,45.5,0.0,0.0,0.0,0.8,0.3,1.0,0.5,0.0,0.0,0.5,4.0,2023-24
380,Tyrese Martin,BKN,4,12.0,4.8,2.0,4.0,50.0,0.8,2.3,33.3,0.0,0.3,0.0,0.5,1.3,1.8,1.0,0.8,0.5,0.8,5.8,2023-24
385,Grant Williams,CHA,3,16.7,4.7,1.3,4.3,30.8,0.7,2.7,25.0,1.3,2.3,57.1,0.3,1.7,2.0,1.3,0.7,1.0,0.3,5.3,2023-24
385,Herbert Jones,NOP,3,21.7,4.7,1.7,5.0,33.3,1.0,3.3,30.0,0.3,0.7,50.0,0.7,2.3,3.0,1.3,1.7,0.0,1.3,5.7,2023-24
385,Kyle Anderson,GSW,6,17.0,4.7,1.5,3.7,40.9,1.0,1.8,54.5,0.7,0.7,100.0,0.0,2.7,2.7,2.5,0.7,0.2,1.0,7.5,2023-24
385,Luke Kennard,MEM,3,14.3,4.7,1.7,5.0,33.3,1.3,4.0,33.3,0.0,0.0,0.0,0.7,1.3,2.0,1.7,0.0,0.0,0.3,4.7,2023-24
389,KJ Simpson,CHA,5,16.2,4.6,1.0,4.4,22.7,0.4,2.4,16.7,2.2,2.6,84.6,0.0,2.4,2.4,2.0,0.4,0.4,2.0,4.0,2023-24
389,Mason Plumlee,PHX,5,15.8,4.6,1.6,3.2,50.0,0.0,0.0,0.0,1.4,2.0,70.0,1.4,3.8,5.2,1.8,0.6,0.2,1.4,8.8,2023-24
391,Jalen Hood-Schifino,LAL,6,19.8,4.5,2.0,7.0,28.6,0.2,1.7,10.0,0.3,0.5,66.7,0.7,1.8,2.5,3.8,0.5,0.2,2.2,4.2,2023-24
391,Tyler Smith,MIL,4,14.0,4.5,1.5,6.3,24.0,0.8,3.5,21.4,0.8,1.0,75.0,1.3,4.5,5.8,0.0,0.5,0.5,0.8,5.5,2023-24
393,D.J. Carton,TOR,5,12.6,4.4,1.4,4.0,35.0,0.2,1.4,14.3,1.4,1.6,87.5,0.6,1.4,2.0,2.0,0.6,0.0,0.6,5.6,2023-24
394,Isaac Okoro,CLE,3,18.0,4.3,1.7,5.3,31.3,0.7,2.3,28.6,0.3,1.3,25.0,0.3,1.0,1.3,1.3,1.0,0.0,0.7,2.7,2023-24
394,Mike Conley,MIN,3,13.0,4.3,1.7,4.3,38.5,1.0,3.3,30.0,0.0,0.0,0.0,0.3,1.3,1.7,1.7,0.0,0.0,0.7,4.3,2023-24
396,Armel Traore,LAL,4,13.0,4.3,1.8,4.0,43.8,0.0,1.3,0.0,0.8,1.3,60.0,1.3,3.0,4.3,0.3,0.5,0.8,0.8,6.5,2023-24
396,Jules Bernard,CLE,4,8.5,4.3,1.3,4.5,27.8,0.8,3.0,25.0,1.0,1.0,100.0,0.3,1.0,1.3,0.3,0.0,0.0,0.8,1.8,2023-24
396,MarJon Beauchamp,MIL,4,13.0,4.3,1.8,4.5,38.9,0.0,1.0,0.0,0.8,1.3,60.0,0.5,1.0,1.5,1.5,1.0,0.8,0.8,5.0,2023-24
396,Vasilije Micić,CHA,4,14.8,4.3,1.8,4.3,41.2,0.3,1.5,16.7,0.5,0.5,100.0,0.0,1.8,1.8,3.0,0.0,0.0,3.5,3.0,2023-24
400,Chris Duarte,CHI,5,11.0,4.2,1.4,4.8,29.2,0.8,3.4,23.5,0.6,0.8,75.0,0.2,1.8,2.0,0.8,0.4,0.8,1.4,3.2,2023-24
400,Hunter Tyson,DEN,5,18.2,4.2,1.4,5.0,28.0,0.6,3.2,18.8,0.8,1.6,50.0,1.8,3.0,4.8,1.2,0.2,0.0,0.8,5.2,2023-24
400,Tristan Vukcevic,WAS,5,7.0,4.2,1.6,2.8,57.1,0.2,1.0,20.0,0.8,1.0,80.0,0.0,0.8,0.8,0.2,0.0,0.4,0.6,3.6,2023-24
403,Bronny James,LAL,6,16.2,4.2,1.8,6.2,29.7,0.2,2.0,8.3,0.3,0.7,50.0,0.5,1.2,1.7,0.3,0.5,0.8,1.2,1.7,2023-24
404,A.J. Lawson,DAL,3,11.7,4.0,1.3,3.0,44.4,0.3,1.3,25.0,1.0,1.7,60.0,0.0,2.0,2.0,1.0,0.0,0.0,0.3,4.3,2023-24
404,Alondes Williams,DET,5,11.8,4.0,1.6,4.0,40.0,0.2,2.0,10.0,0.6,0.8,75.0,1.0,1.4,2.4,3.2,0.6,0.0,1.0,6.6,2023-24
404,Ariel Hukporti,NYK,4,12.3,4.0,1.8,2.8,63.6,0.0,0.0,0.0,0.5,2.0,25.0,0.8,2.5,3.3,0.3,0.8,0.5,0.8,5.5,2023-24
404,DeAndre Jordan,DEN,2,14.5,4.0,1.5,2.5,60.0,0.0,0.0,0.0,1.0,3.0,33.3,2.0,4.5,6.5,1.0,0.0,0.0,0.5,8.0,2023-24
404,E.J. Liddell,CHI,2,15.0,4.0,1.0,3.5,28.6,0.5,2.5,20.0,1.5,2.0,75.0,1.5,2.5,4.0,0.5,0.5,0.5,0.5,6.0,2023-24
404,Isaac Jones,SAC,5,12.4,4.0,1.6,4.0,40.0,0.0,1.4,0.0,0.8,0.8,100.0,1.2,1.2,2.4,1.4,0.4,0.4,0.6,5.6,2023-24
404,Isaiah Collier,UTA,4,16.8,4.0,1.0,3.8,26.7,0.3,1.3,20.0,1.8,1.8,100.0,0.0,0.3,0.3,4.3,1.8,0.0,3.3,4.3,2023-24
404,Jackson Rowe,GSW,2,6.5,4.0,1.5,3.0,50.0,0.0,1.5,0.0,1.0,1.0,100.0,1.5,1.5,3.0,1.0,0.0,0.5,0.0,7.0,2023-24
404,Jaden Springer,BOS,3,14.0,4.0,1.0,3.0,33.3,1.0,2.0,50.0,1.0,1.3,75.0,0.7,0.0,0.7,1.7,0.3,0.0,0.7,3.7,2023-24
404,Javonte Green,NOP,3,18.7,4.0,1.3,3.0,44.4,0.3,0.7,50.0,1.0,1.3,75.0,0.7,4.0,4.7,1.7,0.7,0.7,0.7,9.0,2023-24
404,Jaylen Clark,MIN,4,11.0,4.0,1.8,4.0,43.8,0.5,1.5,33.3,0.0,0.5,0.0,0.8,1.3,2.0,0.5,1.5,0.0,0.5,4.8,2023-24
404,Jeff Green,HOU,2,13.0,4.0,1.5,4.0,37.5,1.0,3.0,33.3,0.0,0.0,0.0,0.0,3.5,3.5,1.0,1.0,0.0,0.5,6.5,2023-24
404,Jeremiah Robinson-Earl,NOP,3,16.0,4.0,1.7,5.7,29.4,0.7,3.7,18.2,0.0,0.0,0.0,0.7,2.3,3.0,0.3,0.3,0.0,0.7,3.0,2023-24
404,Jonathan Isaac,ORL,2,7.5,4.0,1.5,2.0,75.0,1.0,1.0,100.0,0.0,0.0,0.0,0.0,1.0,1.0,0.0,0.5,1.5,0.5,6.0,2023-24
404,Kylor Kelley,LAL,1,6.0,4.0,2.0,3.0,66.7,0.0,1.0,0.0,0.0,0.0,0.0,0.0,0.0,0.0,1.0,0.0,0.0,1.0,3.0,2023-24
404,Lamar Stevens,DET,3,13.0,4.0,1.7,3.3,50.0,0.3,0.7,50.0,0.3,1.3,25.0,1.0,2.3,3.3,1.3,0.7,1.0,1.0,6.7,2023-24
404,Liam Robbins,MIL,4,11.8,4.0,1.8,4.0,43.8,0.3,1.0,25.0,0.3,0.5,50.0,0.8,2.0,2.8,1.5,0.0,1.5,1.5,5.8,2023-24
404,Mac McClung,ORL,2,7.5,4.0,1.5,3.0,50.0,0.5,1.5,33.3,0.5,0.5,100.0,0.0,0.5,0.5,1.0,0.5,1.0,0.5,5.0,2023-24
404,Marcus Sasser,DET,5,13.6,4.0,1.4,4.2,33.3,0.4,2.0,20.0,0.8,0.8,100.0,0.0,0.6,0.6,3.2,0.6,0.0,1.0,4.6,2023-24
404,Moritz Wagner,ORL,3,13.3,4.0,1.0,2.3,42.9,0.3,0.7,50.0,1.7,2.0,83.3,0.0,2.3,2.3,1.3,0.7,0.0,2.0,4.7,2023-24
404,Richaun Holmes,WAS,3,9.7,4.0,1.7,2.7,62.5,0.0,0.0,0.0,0.7,1.3,50.0,1.7,2.3,4.0,0.3,0.3,0.0,0.0,7.0,2023-24
404,TyTy Washington Jr.,PHX,4,10.8,4.0,1.5,3.8,40.0,0.3,1.0,25.0,0.8,1.0,75.0,0.5,1.0,1.5,0.5,0.0,0.3,1.0,2.8,2023-24
404,Vlatko Čančar,DEN,5,13.4,4.0,1.4,3.4,41.2,0.6,1.6,37.5,0.6,0.8,75.0,0.8,1.2,2.0,1.6,0.0,0.0,1.4,4.0,2023-24
427,Blake Wesley,SAS,5,19.4,3.8,1.6,4.2,38.1,0.2,1.4,14.3,0.4,0.6,66.7,0.4,3.2,3.6,5.0,1.0,0.2,1.2,9.6,2023-24
427,Davion Mitchell,TOR,5,24.2,3.8,1.4,4.2,33.3,0.6,2.4,25.0,0.4,1.2,33.3,0.4,2.2,2.6,5.6,0.6,0.0,0.8,8.2,2023-24
429,AJ Green,MIL,4,15.8,3.8,1.0,3.8,26.7,1.0,3.8,26.7,0.8,0.8,100.0,0.3,1.5,1.8,1.5,0.3,0.0,0.5,4.0,2023-24
429,Armando Bacot,MEM,4,9.8,3.8,1.0,2.5,40.0,0.0,1.0,0.0,1.8,3.0,58.3,0.8,2.0,2.8,0.3,0.0,0.3,1.3,3.0,2023-24
429,Damion Lee,PHX,4,10.3,3.8,1.5,5.3,28.6,0.8,3.0,25.0,0.0,0.0,0.0,0.0,0.8,0.8,0.8,0.3,0.0,0.5,1.3,2023-24
429,Malachi Flynn,SAS,4,6.3,3.8,1.0,2.3,44.4,0.3,1.0,25.0,1.5,1.8,85.7,0.0,0.5,0.5,1.3,1.0,0.3,0.5,4.8,2023-24
429,Miye Oni,MEM,4,11.5,3.8,1.3,3.0,41.7,1.0,2.3,44.4,0.3,0.5,50.0,0.5,1.5,2.0,0.8,0.3,0.3,2.0,3.0,2023-24
429,Mouhamed Gueye,ATL,4,16.3,3.8,1.3,4.0,31.3,0.3,1.3,20.0,1.0,2.0,50.0,1.5,2.3,3.8,1.3,0.8,0.3,0.8,5.3,2023-24
429,Nate Williams,HOU,4,8.8,3.8,1.8,4.0,43.8,0.3,1.5,16.7,0.0,0.5,0.0,0.3,0.3,0.5,0.5,0.5,0.0,0.5,2.0,2023-24
429,Taurean Prince,MIL,4,19.0,3.8,1.5,4.0,37.5,0.8,2.8,27.3,0.0,0.0,0.0,0.3,3.0,3.3,1.3,1.3,1.0,0.3,7.8,2023-24
437,Delon Wright,MIL,3,11.7,3.7,1.0,2.7,37.5,1.0,2.3,42.9,0.7,0.7,100.0,0.3,0.3,0.7,1.7,0.0,0.3,0.7,4.0,2023-24
437,Gary Payton II,GSW,6,13.2,3.7,1.5,2.3,64.3,0.5,1.0,50.0,0.2,0.5,33.3,0.8,1.5,2.3,1.8,0.5,0.3,1.0,6.5,2023-24
437,Javante McCoy,DET,3,10.3,3.7,1.3,3.7,36.4,0.7,1.3,50.0,0.3,0.7,50.0,0.3,0.7,1.0,1.3,0.7,0.0,0.7,3.3,2023-24
437,Keaton Wallace,ATL,3,12.0,3.7,1.3,3.3,40.0,0.7,2.3,28.6,0.3,0.3,100.0,0.3,1.3,1.7,2.3,1.7,0.0,1.7,5.7,2023-24
437,Kendall Brown,IND,3,7.7,3.7,1.7,1.7,100.0,0.0,0.0,0.0,0.3,0.7,50.0,0.0,0.7,0.7,0.3,1.0,0.0,1.0,4.3,2023-24
437,Stanley Umude,MIL,3,9.0,3.7,1.0,3.7,27.3,1.0,2.7,37.5,0.7,0.7,100.0,0.3,1.0,1.3,0.3,0.0,0.3,0.0,3.0,2023-24
443,Adama Sanogo,CHI,5,9.6,3.6,1.4,2.6,53.8,0.2,0.4,50.0,0.6,0.8,75.0,1.6,2.6,4.2,0.6,1.2,0.6,0.4,8.4,2023-24
443,Mason Jones,SAC,5,12.8,3.6,1.2,4.2,28.6,0.6,3.0,20.0,0.6,1.4,42.9,0.4,2.4,2.8,1.0,0.2,0.2,0.6,3.4,2023-24
445,Dereon Seabron,DET,2,7.0,3.5,1.5,1.5,100.0,0.0,0.0,0.0,0.5,1.0,50.0,0.0,0.0,0.0,0.5,0.0,0.0,0.5,3.0,2023-24
445,Kris Dunn,LAC,4,18.0,3.5,1.3,3.0,41.7,0.5,1.8,28.6,0.5,0.5,100.0,0.3,2.0,2.3,0.8,1.0,0.8,1.3,5.3,2023-24
445,Onuralp Bitim,CHI,2,18.0,3.5,1.5,6.0,25.0,0.5,3.5,14.3,0.0,0.5,0.0,0.5,2.5,3.0,0.5,1.0,0.0,1.0,2.0,2023-24
448,Maxwell Lewis,LAL,5,12.6,3.4,1.2,3.2,37.5,0.2,0.8,25.0,0.8,0.8,100.0,0.2,1.6,1.8,0.6,0.2,0.4,0.4,4.0,2023-24
448,Yuki Kawamura,MEM,5,15.2,3.4,0.8,3.8,21.1,0.8,3.2,25.0,1.0,1.2,83.3,0.0,0.2,0.2,4.2,0.4,0.0,1.6,3.4,2023-24
450,Antonio Reeves,NOP,3,8.3,3.3,1.0,5.0,20.0,0.0,2.3,0.0,1.3,2.0,66.7,0.3,0.7,1.0,0.7,1.0,0.0,0.3,1.0,2023-24
450,Steven Adams,HOU,3,14.7,3.3,1.7,2.0,83.3,0.0,0.0,0.0,0.0,0.0,0.0,1.3,6.0,7.3,1.7,0.0,0.0,0.7,11.3,2023-24
452,PJ Dozier,MIN,4,10.8,3.3,0.8,2.3,33.3,0.5,1.5,33.3,1.3,1.3,100.0,0.3,0.3,0.5,1.0,0.3,0.0,1.3,2.3,2023-24
453,Cam Reddish,LAL,5,17.6,3.2,1.0,4.4,22.7,0.6,2.6,23.1,0.6,0.8,75.0,1.0,1.2,2.2,0.6,1.0,0.2,0.8,2.8,2023-24
453,Jonathan Mogbo,TOR,5,17.4,3.2,1.2,4.4,27.3,0.0,0.6,0.0,0.8,1.4,57.1,1.8,3.6,5.4,2.8,1.0,0.4,1.0,8.0,2023-24
455,Andrew Funk,DEN,1,8.0,3.0,1.0,1.0,100.0,1.0,1.0,100.0,0.0,0.0,0.0,0.0,0.0,0.0,0.0,0.0,0.0,0.0,3.0,2023-24
455,Baylor Scheierman,BOS,5,11.6,3.0,0.8,4.8,16.7,0.6,3.4,17.6,0.8,0.8,100.0,0.4,1.4,1.8,0.6,0.6,0.0,0.2,1.8,2023-24
455,Cui Yongxi,BKN,2,6.5,3.0,1.0,3.5,28.6,0.5,1.5,33.3,0.5,1.0,50.0,1.0,0.5,1.5,0.0,0.0,0.0,0.5,1.0,2023-24
455,De'Andre Hunter,ATL,2,19.5,3.0,1.5,6.5,23.1,0.0,3.5,0.0,0.0,0.0,0.0,0.0,2.0,2.0,2.0,1.5,0.0,0.5,3.0,2023-24
455,Dwight Powell,DAL,4,10.5,3.0,1.3,1.8,71.4,0.0,0.3,0.0,0.5,0.5,100.0,0.3,1.5,1.8,1.3,1.5,0.3,0.3,7.0,2023-24
455,Elfrid Payton,NOP,2,10.5,3.0,1.5,2.5,60.0,0.0,0.0,0.0,0.0,0.5,0.0,1.0,3.0,4.0,5.0,0.0,1.0,1.0,10.5,2023-24
455,Eugene Omoruyi,MIN,1,8.0,3.0,1.0,2.0,50.0,1.0,2.0,50.0,0.0,0.0,0.0,0.0,1.0,1.0,2.0,0.0,0.0,0.0,5.0,2023-24
455,Isaiah Jackson,IND,2,8.5,3.0,1.5,3.5,42.9,0.0,0.0,0.0,0.0,0.0,0.0,0.5,2.0,2.5,0.5,0.0,2.5,0.5,6.0,2023-24
455,Jacob Gilyard,CLE,1,5.0,3.0,1.0,1.0,100.0,0.0,0.0,0.0,1.0,2.0,50.0,0.0,0.0,0.0,2.0,0.0,0.0,0.0,4.0,2023-24
455,Jae'Sean Tate,HOU,4,10.0,3.0,1.0,2.8,36.4,0.5,1.0,50.0,0.5,0.8,66.7,1.3,1.5,2.8,1.0,1.0,0.5,0.3,6.0,2023-24
455,Jalen McDaniels,SAC,2,12.5,3.0,1.0,4.5,22.2,0.0,2.5,0.0,1.0,1.0,100.0,0.5,2.0,2.5,0.0,1.0,0.0,0.5,2.5,2023-24
455,Javonte Smart,ORL,1,6.0,3.0,1.0,2.0,50.0,1.0,2.0,50.0,0.0,0.0,0.0,0.0,0.0,0.0,0.0,0.0,0.0,0.0,2.0,2023-24
455,Joe Ingles,MIN,4,13.3,3.0,1.0,2.8,36.4,1.0,2.8,36.4,0.0,0.0,0.0,0.3,2.3,2.5,2.8,0.8,0.3,0.5,7.0,2023-24
455,Kevin Knox II,GSW,2,7.5,3.0,1.5,4.0,37.5,0.0,1.5,0.0,0.0,1.0,0.0,1.0,1.0,2.0,0.0,0.0,1.0,0.0,2.5,2023-24
455,Kyle Lowry,PHI,4,13.3,3.0,0.8,3.8,20.0,0.3,2.0,12.5,1.3,1.8,71.4,0.3,2.0,2.3,3.5,0.8,0.3,1.3,5.0,2023-24
455,Miller Kopp,OKC,1,14.0,3.0,1.0,2.0,50.0,1.0,1.0,100.0,0.0,0.0,0.0,1.0,5.0,6.0,1.0,0.0,0.0,1.0,8.0,2023-24
455,Paul Reed,DET,5,11.2,3.0,1.2,4.6,26.1,0.2,1.4,14.3,0.4,0.4,100.0,0.6,3.4,4.0,2.0,1.4,0.6,0.2,7.4,2023-24
455,Seth Lundy,ATL,1,3.0,3.0,1.0,3.0,33.3,1.0,2.0,50.0,0.0,0.0,0.0,0.0,0.0,0.0,0.0,0.0,0.0,0.0,1.0,2023-24
455,Taj Gibson,CHA,3,8.3,3.0,1.3,2.0,66.7,0.0,0.0,0.0,0.3,0.7,50.0,1.3,1.3,2.7,0.3,0.0,0.0,0.0,5.0,2023-24
455,Tristan Thompson,CLE,2,15.0,3.0,1.5,3.0,50.0,0.0,0.0,0.0,0.0,0.5,0.0,1.0,4.5,5.5,0.5,0.0,0.0,2.0,5.0,2023-24
475,Cam Christie,LAC,5,8.0,2.8,0.8,3.2,25.0,0.2,1.8,11.1,1.0,1.2,83.3,0.0,1.2,1.2,0.6,0.4,0.4,0.0,2.8,2023-24
475,Maozinha Pereira,MEM,5,9.0,2.8,1.0,2.0,50.0,0.6,1.4,42.9,0.2,0.4,50.0,1.0,3.0,4.0,0.4,0.2,0.0,0.4,5.8,2023-24
477,Brandon Boston Jr.,NOP,4,7.3,2.8,1.3,2.8,45.5,0.3,1.0,25.0,0.0,0.3,0.0,0.3,0.8,1.0,0.5,0.0,0.0,0.3,2.3,2023-24
477,Jordan Tucker,PHI,4,6.8,2.8,0.8,2.5,30.0,0.8,2.3,33.3,0.5,0.5,100.0,0.0,1.3,1.3,0.0,0.0,0.3,0.5,2.0,2023-24
479,Dmytro Skapintsev,BOS,3,9.3,2.7,1.0,1.7,60.0,0.0,0.0,0.0,0.7,1.3,50.0,0.3,0.7,1.0,0.0,0.7,1.0,0.7,3.3,2023-24
479,Jared Rhoden,CHA,3,6.0,2.7,1.3,3.0,44.4,0.0,0.7,0.0,0.0,0.0,0.0,0.3,1.7,2.0,1.0,0.0,0.0,0.0,4.0,2023-24
479,Judah Mintz,PHI,3,7.7,2.7,0.7,2.7,25.0,0.0,0.3,0.0,1.3,1.3,100.0,0.0,1.0,1.0,1.7,0.0,0.0,0.0,3.3,2023-24
482,Tim Hardaway Jr.,DET,5,15.6,2.6,0.8,4.6,17.4,0.4,3.6,11.1,0.6,0.8,75.0,0.2,2.0,2.2,0.6,0.8,0.0,1.0,1.2,2023-24
483,Isaiah Crawford,SAC,4,11.0,2.5,1.0,3.3,30.8,0.5,1.5,33.3,0.0,0.0,0.0,1.5,0.8,2.3,0.5,1.0,0.0,0.8,3.3,2023-24
483,Josh Green,CHA,2,13.5,2.5,1.0,2.5,40.0,0.5,1.0,50.0,0.0,0.0,0.0,0.5,0.5,1.0,0.0,0.0,0.0,0.5,1.5,2023-24
483,Kentavious Caldwell-Pope,ORL,2,16.5,2.5,1.0,4.0,25.0,0.5,3.0,16.7,0.0,0.0,0.0,0.5,1.5,2.0,1.5,1.0,0.0,1.5,2.5,2023-24
483,Luke Travers,CLE,4,11.0,2.5,1.3,3.3,38.5,0.0,0.8,0.0,0.0,0.0,0.0,1.0,2.3,3.3,1.3,0.8,0.0,1.3,4.5,2023-24
483,Patty Mills,UTA,2,14.5,2.5,1.0,2.0,50.0,0.5,1.5,33.3,0.0,0.0,0.0,0.0,1.5,1.5,0.0,0.0,0.0,1.0,2.0,2023-24
483,Trevelin Queen,ORL,2,6.0,2.5,1.0,3.0,33.3,0.0,1.5,0.0,0.5,1.5,33.3,0.0,1.5,1.5,0.5,0.0,0.0,1.5,0.0,2023-24
489,Colin Castleton,MEM,5,13.8,2.4,0.6,1.2,50.0,0.0,0.0,0.0,1.2,1.6,75.0,1.2,2.0,3.2,2.0,0.4,0.8,1.6,6.2,2023-24
490,Adem Bona,PHI,6,10.8,2.3,1.0,1.7,60.0,0.0,0.0,0.0,0.3,0.8,40.0,0.8,1.7,2.5,0.3,0.5,0.2,0.5,4.2,2023-24
490,Alex Reese,OKC,3,8.7,2.3,0.7,2.0,33.3,0.3,1.7,20.0,0.7,0.7,100.0,0.3,1.7,2.0,1.0,0.3,0.3,0.0,4.7,2023-24
490,Jalen Pickett,DEN,3,15.3,2.3,0.7,4.7,14.3,0.7,3.0,22.2,0.3,0.7,50.0,0.0,1.3,1.3,2.0,0.3,0.0,0.7,1.0,2023-24
490,Mamadi Diakite,PHX,3,6.7,2.3,1.0,2.0,50.0,0.3,1.0,33.3,0.0,0.0,0.0,0.0,1.7,1.7,0.3,0.3,0.0,0.3,3.3,2023-24
494,Anthony Gill,WAS,4,6.8,2.3,0.8,1.3,60.0,0.5,0.5,100.0,0.3,0.8,33.3,0.0,0.3,0.3,0.5,0.0,0.0,0.0,2.0,2023-24
494,Colby Jones,SAC,4,16.0,2.3,0.8,4.3,17.6,0.3,1.8,14.3,0.5,1.5,33.3,0.8,0.8,1.5,2.0,0.8,0.0,0.8,1.3,2023-24
496,Pat Spencer,GSW,5,8.6,2.2,0.8,2.2,36.4,0.2,1.0,20.0,0.4,0.4,100.0,0.2,1.6,1.8,2.2,0.8,0.0,1.2,4.4,2023-24
497,Quinten Post,GSW,6,5.8,2.2,0.8,2.5,33.3,0.5,1.5,33.3,0.0,0.0,0.0,0.3,0.7,1.0,0.2,0.0,0.0,1.0,0.7,2023-24
498,Al Horford,BOS,1,23.0,2.0,1.0,6.0,16.7,0.0,4.0,0.0,0.0,0.0,0.0,0.0,2.0,2.0,1.0,0.0,0.0,0.0,0.0,2023-24
498,Alex Morales,ORL,1,4.0,2.0,1.0,1.0,100.0,0.0,0.0,0.0,0.0,0.0,0.0,0.0,2.0,2.0,0.0,0.0,1.0,0.0,5.0,2023-24
498,Amari Bailey,BKN,2,7.0,2.0,0.0,1.5,0.0,0.0,0.0,0.0,2.0,3.0,66.7,0.0,1.0,1.0,3.0,0.0,0.0,0.5,3.0,2023-24
498,Chris Livingston,MIL,3,7.7,2.0,0.7,2.0,33.3,0.0,0.3,0.0,0.7,1.0,66.7,0.7,1.0,1.7,0.0,0.7,0.3,1.0,2.0,2023-24
498,Dariq Whitehead,BKN,3,7.0,2.0,0.7,3.0,22.2,0.7,1.7,40.0,0.0,0.0,0.0,0.0,1.0,1.0,0.0,0.0,0.3,0.3,0.7,2023-24
498,David Duke Jr.,SAS,1,9.0,2.0,1.0,2.0,50.0,0.0,1.0,0.0,0.0,0.0,0.0,1.0,1.0,2.0,2.0,1.0,0.0,2.0,4.0,2023-24
498,Dominick Barlow,ATL,1,3.0,2.0,1.0,1.0,100.0,0.0,0.0,0.0,0.0,0.0,0.0,3.0,0.0,3.0,0.0,0.0,0.0,0.0,5.0,2023-24
498,Jamarion Sharp,DAL,4,9.3,2.0,0.8,1.5,50.0,0.0,0.0,0.0,0.5,1.3,40.0,0.8,1.5,2.3,0.0,0.5,1.5,1.3,3.5,2023-24
498,Jericho Sims,NYK,5,13.4,2.0,0.8,1.2,66.7,0.0,0.0,0.0,0.4,0.8,50.0,2.2,3.6,5.8,0.6,0.0,0.6,0.4,7.8,2023-24
498,Jock Landale,HOU,1,19.0,2.0,1.0,3.0,33.3,0.0,1.0,0.0,0.0,1.0,0.0,1.0,4.0,5.0,1.0,0.0,0.0,2.0,3.0,2023-24
498,N'Faly Dante,HOU,4,6.0,2.0,1.0,1.5,66.7,0.0,0.0,0.0,0.0,0.0,0.0,0.5,1.5,2.0,0.3,0.3,0.5,0.3,4.3,2023-24
498,PJ Hall,DEN,3,5.3,2.0,0.7,1.3,50.0,0.3,0.7,50.0,0.3,0.7,50.0,0.0,1.0,1.0,0.0,0.0,0.0,1.0,1.0,2023-24
498,Tosan Evbuomwan,DET,4,6.5,2.0,0.8,2.0,37.5,0.0,0.3,0.0,0.5,0.5,100.0,0.0,1.5,1.5,0.3,0.3,0.3,0.3,2.8,2023-24
498,Warren Washington,MIA,1,5.0,2.0,1.0,2.0,50.0,0.0,0.0,0.0,0.0,2.0,0.0,2.0,0.0,2.0,0.0,0.0,0.0,0.0,1.0,2023-24
512,Gui Santos,GSW,6,7.7,1.8,0.7,1.7,40.0,0.0,0.8,0.0,0.5,0.7,75.0,0.3,0.8,1.2,0.7,0.2,0.0,0.0,2.7,2023-24
512,Reece Beekman,GSW,6,6.8,1.8,0.5,1.7,30.0,0.2,0.5,33.3,0.7,0.7,100.0,0.0,0.3,0.3,1.2,0.5,0.2,0.3,2.5,2023-24
514,Harry Giles III,CHA,5,6.6,1.8,0.8,2.4,33.3,0.0,0.2,0.0,0.2,0.8,25.0,0.4,3.0,3.4,0.6,0.0,0.6,0.4,3.8,2023-24
515,Andre Jackson Jr.,MIL,4,11.8,1.8,0.8,3.8,20.0,0.3,0.8,33.3,0.0,0.0,0.0,1.3,2.0,3.3,0.5,0.8,0.3,2.0,1.5,2023-24
515,Branden Carlson,OKC,4,5.3,1.8,0.5,1.8,28.6,0.3,1.3,20.0,0.5,0.5,100.0,0.0,1.3,1.3,0.5,0.3,0.3,0.3,2.5,2023-24
515,DJ Steward,CHI,4,8.3,1.8,0.8,2.5,30.0,0.3,1.3,20.0,0.0,0.0,0.0,0.0,0.5,0.5,1.5,0.3,0.3,0.5,2.0,2023-24
518,Brodric Thomas,SAC,3,4.0,1.7,0.3,0.3,100.0,0.3,0.3,100.0,0.7,0.7,100.0,0.3,1.0,1.3,0.7,0.3,0.0,0.0,4.0,2023-24
518,Isaiah Mobley,PHI,3,4.0,1.7,0.3,1.0,33.3,0.3,0.7,50.0,0.7,1.3,50.0,1.3,0.7,2.0,0.0,0.3,0.0,0.0,2.7,2023-24
518,Justin Minaya,POR,3,11.7,1.7,0.7,2.7,25.0,0.3,2.0,16.7,0.0,0.0,0.0,0.7,0.3,1.0,0.3,0.0,0.0,0.0,1.0,2023-24
518,Max Fiedler,PHI,3,5.7,1.7,0.7,1.0,66.7,0.0,0.3,0.0,0.3,0.7,50.0,0.7,1.0,1.7,0.3,0.0,0.0,0.3,2.7,2023-24
518,Tolu Smith,DET,3,5.0,1.7,0.7,0.7,100.0,0.0,0.0,0.0,0.3,0.7,50.0,1.3,0.7,2.0,0.3,0.0,0.0,0.7,3.0,2023-24
523,Blake Hinson,GSW,2,5.5,1.5,0.5,1.0,50.0,0.5,1.0,50.0,0.0,0.0,0.0,0.0,0.0,0.0,0.0,0.0,0.0,0.5,0.5,2023-24
523,Daeqwon Plowden,ATL,2,11.0,1.5,0.5,4.5,11.1,0.0,3.0,0.0,0.5,0.5,100.0,0.5,2.5,3.0,0.0,0.0,0.0,0.0,0.5,2023-24
523,Isaiah Stevens,MIA,4,12.3,1.5,0.3,2.5,10.0,0.0,0.8,0.0,1.0,1.0,100.0,0.5,0.8,1.3,3.0,0.8,0.0,0.8,3.5,2023-24
523,Nate Hinton,HOU,2,6.5,1.5,0.5,3.5,14.3,0.5,1.5,33.3,0.0,0.0,0.0,0.0,1.5,1.5,2.0,0.5,0.0,0.0,2.5,2023-24
527,Anton Watson,BOS,3,7.7,1.3,0.7,1.7,40.0,0.0,0.7,0.0,0.0,0.0,0.0,0.3,0.7,1.0,1.0,0.0,0.0,1.3,1.0,2023-24
527,Bryce McGowens,POR,3,4.0,1.3,0.3,1.7,20.0,0.0,0.7,0.0,0.7,0.7,100.0,0.0,0.3,0.3,0.0,0.0,0.0,0.3,0.0,2023-24
527,Harrison Ingram,SAS,3,8.0,1.3,0.7,1.7,40.0,0.0,1.0,0.0,0.0,0.0,0.0,0.7,2.3,3.0,0.7,0.3,0.0,0.3,4.0,2023-24
527,Jalen Slawson,ORL,3,6.7,1.3,0.3,2.0,16.7,0.0,0.3,0.0,0.7,0.7,100.0,0.3,0.7,1.0,0.7,0.0,0.0,0.0,1.3,2023-24
527,Skal Labissiere,SAC,3,4.7,1.3,0.3,1.3,25.0,0.0,0.7,0.0,0.7,0.7,100.0,0.7,0.0,0.7,0.7,0.0,0.0,0.3,1.3,2023-24
532,Caleb Houstan,ORL,3,10.3,1.0,0.3,2.3,14.3,0.3,2.3,14.3,0.0,0.0,0.0,0.0,1.0,1.0,0.3,0.0,0.0,0.7,-0.3,2023-24
532,DaQuan Jeffries,CHA,2,16.0,1.0,0.5,2.0,25.0,0.0,1.5,0.0,0.0,0.0,0.0,0.5,1.0,1.5,1.0,0.5,0.0,1.5,1.0,2023-24
532,Devonte' Graham,POR,2,13.0,1.0,0.0,2.5,0.0,0.0,2.0,0.0,1.0,1.5,66.7,0.0,1.5,1.5,2.5,0.5,0.0,0.5,2.0,2023-24
532,Ethan Thompson,ORL,2,9.0,1.0,0.5,3.5,14.3,0.0,2.0,0.0,0.0,0.0,0.0,0.0,3.0,3.0,1.5,0.0,0.0,0.5,2.0,2023-24
532,Jacob Toppin,NYK,2,7.0,1.0,0.5,2.5,20.0,0.0,0.5,0.0,0.0,0.0,0.0,0.0,2.0,2.0,0.5,0.0,0.0,1.0,0.5,2023-24
532,Jalen Bridges,PHX,5,7.6,1.0,0.2,3.6,5.6,0.2,2.8,7.1,0.4,0.4,100.0,0.6,1.2,1.8,0.6,0.2,0.4,0.2,0.4,2023-24
532,Jalen Crutcher,NOP,1,9.0,1.0,0.0,2.0,0.0,0.0,1.0,0.0,1.0,4.0,25.0,0.0,1.0,1.0,2.0,0.0,0.0,0.0,-1.0,2023-24
532,Jason Preston,UTA,2,7.0,1.0,0.5,1.5,33.3,0.0,0.5,0.0,0.0,0.0,0.0,0.0,1.0,1.0,1.5,0.0,0.0,1.0,1.5,2023-24
532,Jaylen Nowell,NOP,1,4.0,1.0,0.0,0.0,0.0,0.0,0.0,0.0,1.0,2.0,50.0,0.0,0.0,0.0,0.0,0.0,0.0,0.0,0.0,2023-24
532,Moses Wood,PHX,2,2.5,1.0,0.5,1.0,50.0,0.0,0.5,0.0,0.0,0.0,0.0,0.0,0.5,0.5,0.0,0.0,0.0,0.0,1.0,2023-24
532,Trey Jemison III,NOP,2,8.5,1.0,0.5,0.5,100.0,0.0,0.0,0.0,0.0,0.0,0.0,1.5,2.5,4.0,1.0,0.0,0.0,0.5,5.5,2023-24
532,Ulrich Chomche,TOR,4,4.8,1.0,0.5,1.0,50.0,0.0,0.0,0.0,0.0,0.0,0.0,1.0,1.0,2.0,0.8,0.0,0.3,1.5,2.0,2023-24
544,Ron Harper Jr.,BOS,3,4.0,0.7,0.0,1.0,0.0,0.0,0.7,0.0,0.7,0.7,100.0,0.0,0.3,0.3,0.3,0.3,0.0,0.0,0.7,2023-24
544,Taze Moore,POR,3,5.3,0.7,0.3,1.3,25.0,0.0,0.3,0.0,0.0,0.0,0.0,0.7,0.0,0.7,0.3,0.0,0.0,0.3,0.3,2023-24
546,Josh Hart,NYK,4,22.5,0.5,0.3,1.5,16.7,0.0,1.3,0.0,0.0,0.0,0.0,0.3,3.8,4.0,3.0,0.5,0.5,1.0,6.3,2023-24
546,Nicolas Batum,LAC,4,12.3,0.5,0.3,1.8,14.3,0.0,1.0,0.0,0.0,0.0,0.0,1.5,1.3,2.8,1.3,0.5,0.8,0.5,3.8,2023-24
548,Chuma Okeke,NYK,3,6.0,0.3,0.0,0.7,0.0,0.0,0.3,0.0,0.3,0.7,50.0,0.0,0.0,0.0,0.3,0.3,0.0,0.0,0.0,2023-24
549,Charles Bediako,DEN,1,1.0,0.0,0.0,0.0,0.0,0.0,0.0,0.0,0.0,0.0,0.0,0.0,0.0,0.0,0.0,0.0,0.0,0.0,0.0,2023-24
549,Gabe McGlothan,DEN,1,0.0,0.0,0.0,0.0,0.0,0.0,0.0,0.0,0.0,0.0,0.0,0.0,0.0,0.0,0.0,0.0,0.0,1.0,-1.0,2023-24
549,Garrett Temple,TOR,1,8.0,0.0,0.0,2.0,0.0,0.0,2.0,0.0,0.0,0.0,0.0,0.0,1.0,1.0,0.0,0.0,0.0,2.0,-3.0,2023-24
549,James Akinjo,MIL,1,5.0,0.0,0.0,2.0,0.0,0.0,0.0,0.0,0.0,0.0,0.0,0.0,1.0,1.0,1.0,0.0,0.0,2.0,-2.0,2023-24
549,James Johnson,IND,1,6.0,0.0,0.0,1.0,0.0,0.0,0.0,0.0,0.0,0.0,0.0,0.0,0.0,0.0,0.0,0.0,0.0,0.0,-1.0,2023-24
549,Jordan Goodwin,LAL,1,6.0,0.0,0.0,3.0,0.0,0.0,1.0,0.0,0.0,0.0,0.0,2.0,2.0,4.0,1.0,0.0,1.0,0.0,3.0,2023-24
549,Josh Oduro,NOP,1,5.0,0.0,0.0,1.0,0.0,0.0,0.0,0.0,0.0,0.0,0.0,0.0,0.0,0.0,0.0,0.0,0.0,0.0,-1.0,2023-24
549,Karlo Matkovic,NOP,1,8.0,0.0,0.0,0.0,0.0,0.0,0.0,0.0,0.0,0.0,0.0,1.0,1.0,2.0,0.0,0.0,0.0,2.0,0.0,2023-24
549,Keion Brooks Jr.,NOP,1,5.0,0.0,0.0,1.0,0.0,0.0,0.0,0.0,0.0,0.0,0.0,0.0,0.0,0.0,0.0,0.0,0.0,1.0,-2.0,2023-24
549,Kira Lewis Jr.,WAS,1,4.0,0.0,0.0,1.0,0.0,0.0,1.0,0.0,0.0,0.0,0.0,0.0,1.0,1.0,0.0,0.0,0.0,0.0,0.0,2023-24
549,Markieff Morris,DAL,1,5.0,0.0,0.0,0.0,0.0,0.0,0.0,0.0,0.0,0.0,0.0,0.0,0.0,0.0,0.0,0.0,1.0,0.0,1.0,2023-24
549,Markquis Nowell,HOU,1,5.0,0.0,0.0,0.0,0.0,0.0,0.0,0.0,0.0,0.0,0.0,0.0,0.0,0.0,2.0,0.0,0.0,2.0,0.0,2023-24
549,Matt Ryan,NYK,1,8.0,0.0,0.0,3.0,0.0,0.0,2.0,0.0,0.0,0.0,0.0,0.0,1.0,1.0,0.0,1.0,0.0,1.0,-2.0,2023-24
549,Max Strus,CLE,1,9.0,0.0,0.0,0.0,0.0,0.0,0.0,0.0,0.0,0.0,0.0,0.0,2.0,2.0,1.0,0.0,0.0,0.0,3.0,2023-24
549,Nathan Mensah,SAS,1,4.0,0.0,0.0,2.0,0.0,0.0,0.0,0.0,0.0,0.0,0.0,0.0,0.0,0.0,0.0,0.0,0.0,0.0,-2.0,2023-24
549,Oscar Tshiebwe,UTA,1,3.0,0.0,0.0,0.0,0.0,0.0,0.0,0.0,0.0,0.0,0.0,1.0,1.0,2.0,0.0,0.0,0.0,0.0,2.0,2023-24
549,Pete Nance,CLE,2,5.0,0.0,0.0,0.5,0.0,0.0,0.5,0.0,0.0,0.0,0.0,0.0,1.5,1.5,0.5,0.5,0.0,0.5,1.5,2023-24
549,RayJ Dennis,LAC,1,11.0,0.0,0.0,3.0,0.0,0.0,3.0,0.0,0.0,0.0,0.0,0.0,3.0,3.0,2.0,1.0,0.0,0.0,3.0,2023-24
549,Spencer Jones,DEN,2,7.0,0.0,0.0,1.0,0.0,0.0,1.0,0.0,0.0,0.0,0.0,0.0,0.5,0.5,0.0,0.0,0.0,0.0,-0.5,2023-24
549,Terry Taylor,SAC,3,5.0,0.0,0.0,1.3,0.0,0.0,0.7,0.0,0.0,0.0,0.0,0.0,0.3,0.3,1.0,0.3,0.0,0.7,-0.3,2023-24
549,Trhae Mitchell,NOP,1,5.0,0.0,0.0,0.0,0.0,0.0,0.0,0.0,0.0,0.0,0.0,0.0,0.0,0.0,0.0,0.0,0.0,0.0,0.0,2023-24
549,Will Richardson,DEN,1,1.0,0.0,0.0,1.0,0.0,0.0,1.0,0.0,0.0,0.0,0.0,0.0,0.0,0.0,0.0,0.0,0.0,0.0,-1.0,2023-24
